food_type,moisture,pH,brix,protein,storage_temp,water_activity,packaging_o2,shelf_life_days
rice,84.94753122508104,4.567877908104778,10.722370450478309,8.094076082511586,15.599642085415862,0.8780512417338158,11.478728189725409,16.99302657773795
cheese,75.82051612402326,5.003070754381041,9.318444537212066,5.7172680464187575,0.965944758060636,0.9272496290382145,7.128953411434369,35.61733650205525
cheese,54.0716942059486,4.94890224122753,16.591694646573764,6.707214249752436,8.610040041089164,0.99,4.833927537730667,42.074300769672114
yogurt,80.38829671634976,5.24239093804918,1.0,9.473565373870825,6.813645465108381,0.951694447168438,1.9510055771008088,19.0102596093835
yogurt,78.52807386828977,3.378242756374198,11.53457079661416,7.771584912966513,0.0,0.8753294076058096,11.50618249875795,10.056127764346696
yogurt,65.37699074362168,5.077204757835525,7.226412903862447,1.9474217658245931,13.562134188887931,0.9371490733913218,8.485257842161792,15.805906695605032
cheese,56.01427467183719,5.4513287081215855,9.763201169191593,4.360720978736197,15.689082180927894,0.9396062361550664,5.073828956416373,38.388024690711106
yogurt,68.68730700743748,5.5507610183632545,12.542921688872378,5.971558171402029,7.7915903304147305,0.9098472910534473,6.370670112431116,27.009944094036292
yogurt,76.9098973190798,4.58864648843062,5.898919533199156,2.5472541037254843,0.0,0.891792542773842,6.699424272338412,18.44233560977773
juice,62.93681538296525,4.828564390458661,7.186302332097164,3.176321686393139,0.7634506387929936,0.9513823470614281,7.112755527094805,22.452790925597203
juice,57.979513235415595,5.213440960929619,7.772323367942427,10.588445053202028,9.85353417683749,0.8867494504088994,8.439065929681952,23.742066672544354
juice,68.38494441297662,4.24667632774106,10.689966054960747,4.305017890709307,21.52961009812807,0.8640193087714284,7.5996792094618115,4.896814094819506
yogurt,51.94843920181198,5.898838824071561,12.029380914316308,0.2,11.39313758338981,0.7974623961847606,5.982043688821133,27.370245911610535
yogurt,57.054089689317436,5.77032038588434,8.828784470411335,8.85938673817309,17.11196225492509,0.8998354359551572,5.315185929021504,23.762111741688873
rice,58.979505201760354,5.113258644603829,16.656981644660096,8.291515406487413,10.54867421868868,0.8990746878538766,6.4186270206417175,42.17658979493578
cheese,57.301450501593486,5.59639547324989,10.789641678556725,10.401430643734532,13.340683364905408,0.9297665452553437,5.960770058489915,41.949399702948554
juice,79.85572162855881,4.432845112787106,19.294261069626657,16.97083847587988,1.5945101833206436,0.8986967415158499,4.899250899474441,20.23787000614031
juice,58.25994158868083,4.1975773871734186,2.209744620298276,3.3109431066340442,8.43754533053601,0.9628219465337039,3.347993008106241,17.522580562315625
rice,84.15490236118164,5.287366005447528,7.699046529999075,0.2,8.142834310573043,0.9451750587682091,13.42261564136002,25.395151034016678
yogurt,85.04250709451341,4.443345535491399,7.857456614816053,14.749363044043774,14.719150177384606,0.9562794116652377,3.793001087560423,5.776634930527633
yogurt,50.263078824833315,4.189943263413186,4.409632208022723,1.381941862456649,16.813839466823065,0.9340269424566807,5.3250015764835155,13.691342577577608
rice,71.99049690839082,4.6091379909353,11.27878185714299,8.597406091049997,3.3650814470942376,0.9601960488833967,5.223941077898357,36.04560674559017
rice,41.58783471832948,3.733253294407777,2.9569210875237855,2.622980021915927,0.0,0.9367222582187198,10.231074495374607,31.64661108027379
juice,75.8841093300771,3.3601927218211665,5.595242501866177,6.189596845679318,4.535777795473348,0.9568255220308214,5.056841342085817,8.112661409321914
sauce,48.87197935501843,4.9175321342062555,5.082998695332773,0.2,6.039634253112868,0.8651010533442898,5.675805000564039,38.40861468755724
sauce,61.753581443129676,3.0,16.072103389714233,1.5989809643542954,18.06711634054467,0.7525509515915776,4.635411828679627,15.595702774723335
sauce,64.92290381419366,3.7290528006880566,10.051313023682022,6.024177436938715,8.366625397397959,0.99,8.58185419700911,19.24946098084307
yogurt,74.65298256529935,4.1220746811422595,18.04235401230821,0.2,7.216880041178964,0.9595654256458486,10.703863780259502,11.272905558668908
cheese,68.30801419793963,6.028308373508232,13.28680992200696,5.2876601717190725,0.06922637259485398,0.9434471590252977,9.643654768285556,46.16744795950188
yogurt,45.6947071154162,4.370092894341935,10.187912795795393,9.396537925696961,11.55419618724842,0.9779493658403222,0.5,30.929474907668656
cheese,57.65591858925729,4.491913273818649,6.5365939567078994,10.25356823054866,7.466539958828204,0.9268834087667914,5.2055279508426775,39.419339678192664
rice,58.84430169342072,5.4179995089196185,12.971007285396416,1.9480109599238529,10.851531505135513,0.99,5.7985987337957345,33.755713679014846
rice,56.32302110335279,5.946283579804514,12.334681750460872,6.149850810206911,13.427167682416101,0.8608713840773332,5.3814728723096845,35.08540946212808
juice,68.37831019325198,3.562962944562992,10.457425254353588,4.8306880469613995,10.797742679439112,0.9681566986528082,6.138147088680538,6.00707258469314
cheese,95.0,4.92947020799454,10.889817513900494,3.876736324129737,10.79403990034754,0.8788238328161018,2.2605657714627814,24.749916280117382
sauce,45.49361760698461,4.612477575634825,4.218287544374049,7.812167161658766,10.097920548328007,0.9822115305040021,9.1042007167895,35.20087532931513
juice,74.99811168657362,4.057558908477468,18.6635442716463,2.0794842423544986,2.0072632369734618,0.9179504564447821,9.050820691207438,14.361118316866623
rice,69.43525343477461,4.2227135452297935,15.45847151899516,8.283252369699218,6.007805245823708,0.99,2.125510540457828,31.124132141591662
cheese,59.433144270470194,5.422746745141484,18.010473217732606,0.2,12.338457226108654,0.8937883047755916,0.9920551966160951,43.80294450695325
rice,65.81031923091626,5.656991049021408,2.9288921048238987,2.990792005759447,13.081171176759254,0.9760123071383048,3.340765102506957,32.409534553195236
sauce,67.6265037497001,4.607000727574493,13.531097848247835,6.367099018041468,10.103924404612124,0.9297239411240571,0.6045778120175926,30.064173292100115
sauce,69.09829711488797,4.183257622719892,17.23361558935804,3.2499563437567476,2.8488158504765444,0.9118438357571986,1.6265594863846262,31.1358442853799
cheese,86.13689322472814,4.9808157832875075,10.702892673080312,3.5383917174648682,11.087609114088108,0.8792110206570498,8.452085527007387,26.3378106525634
yogurt,87.09655053629798,5.478998712157845,8.226428386342096,6.377911131559887,7.5833939031680355,0.91113247523848,6.496727897445431,19.69835584401207
sauce,56.88980888987614,4.326581147111016,14.030674233734988,0.2,18.24171523982516,0.9290227130420778,2.862342009482294,21.08748347120394
rice,48.677746987959786,5.507308288799552,11.236754167342628,1.8148442333785555,5.450168063961148,0.9187740203930201,5.104781534900547,47.2140969470779
sauce,80.51407892056244,5.885111113392663,4.578286693996913,8.241931891262013,7.750126217023185,0.9713537539424743,3.206301798188478,28.27516175293445
juice,92.8301264778859,4.543195583756458,7.716659670572868,4.698134267878795,0.0,0.9512047140414904,5.152194338848625,8.195994808226118
rice,66.45164449173895,5.364892595371811,11.577935481859518,7.436333256586514,7.394203186616513,0.9358529649432206,5.126951754479129,37.685429053216396
sauce,58.198453910709155,4.169828912154266,7.555431392641161,5.209189266634944,8.219455016872566,0.7461095846798278,6.308889170594482,25.214225468640333
yogurt,86.28941883111081,4.588369905018075,6.652843705854333,0.2,14.235355147809235,0.8538099247693929,1.2483103854286541,10.887284220052855
juice,66.43593244541186,6.013979526478741,6.255929599851217,6.609401834807317,2.8282130982401386,0.8477190010053541,4.88422063348829,25.796202672313385
yogurt,69.07725628799957,5.490894676053465,19.549128021824284,2.898568419417217,13.278948684119076,0.99,5.433789827700565,20.106359565448226
juice,54.786177608902435,5.680305017812191,11.011301688274761,0.2,13.109510057032983,0.915836900290299,8.524587793512868,20.468677848266694
juice,61.74132968846083,5.996915283848421,9.69702530095264,13.360775938365604,13.312939519715236,0.9456969895420168,12.595788675733857,16.43037345414018
rice,78.66198648799667,4.285564419669065,12.227274208110368,7.040352627709055,10.554182882453649,0.8870299233638895,3.7875966958504814,25.345894445208742
yogurt,56.938340544314606,5.345813648057646,15.435241114480801,9.34999991778011,0.0,0.9089431600178755,5.260625106411212,35.75731378600186
sauce,47.19971254744347,4.712323814457675,9.99838561174997,5.807456795133443,6.379520319020054,0.911200791539563,10.93919174674139,31.419222440946747
juice,58.613566723870996,4.872087391864294,7.423410000788489,15.269361547594944,5.68372901686152,0.9458271837239456,5.725485301621078,22.552563443670635
sauce,65.05265923919704,4.7339150556413445,13.630888533830587,0.2,3.845771829803576,0.8686867925053184,1.5981452374825758,36.202166266266374
sauce,68.77772554271034,5.30721079848059,15.344270496479261,3.3833310439079964,9.836483183370525,0.8718139282909582,2.829127702754337,31.72133910068862
juice,44.75975684827897,4.245058373399907,6.690656315083527,7.456826337670502,17.245078017006698,0.8473812383916273,10.21975120765268,17.699130136665378
cheese,72.62659067175392,4.809294699486015,2.737759430252037,6.308477470558852,16.67127954818284,0.9006244605377526,7.705334726106737,29.084050441749635
juice,78.21819648304846,5.513148853834351,6.1783683491081876,9.036853401964192,7.027712675167699,0.9750241913757889,3.7947971444214224,19.374010634421236
juice,65.1022082307956,3.981989660101772,10.112302167992928,6.334272644605242,7.544461421444461,0.881591318001108,6.780096466763389,15.595366197358992
juice,25.0,3.8146389448524545,13.674243377016209,10.412132028651307,10.058917232002425,0.99,8.615910956173396,27.899288435055436
yogurt,59.235075686518734,4.350152730640483,13.677188419099254,3.003904576026785,5.532337777745343,0.8711686934352578,5.481361942161005,23.53098140069997
yogurt,89.73747279824042,4.956192948464886,20.08586952629004,14.468787494820907,14.389945064102275,0.8470027050801403,5.050424994424254,14.219338628218642
rice,85.4864056689303,4.6166635722450975,15.844529724250513,13.885884889677243,9.313735079050392,0.8646554056897768,8.69448958708845,24.651268630158683
cheese,92.63490347897778,5.301220806797963,12.443187974827593,0.2,16.320556310006,0.9495309107567697,7.3475856335237575,24.620407960277312
yogurt,59.552986586762756,3.9254578801282536,9.969032535753831,0.2,10.046309446962669,0.7877830209414209,6.370146120100066,14.331995203794248
cheese,62.56135845744939,4.237888155829659,13.681864330088462,5.495894695490286,1.158228595415768,0.8922040455543382,8.412978626308094,37.45847658350606
rice,76.76081533833238,4.749472901295697,9.19180835423545,8.019196772941296,2.5900111144878672,0.99,10.492688442028916,28.01896944909322
juice,53.489364727187066,3.658947184041226,16.544068663862628,12.223944519166665,6.438941809180502,0.8748700604944084,6.764671760869209,19.06584764566388
yogurt,64.8738325065034,5.886695864399169,8.929479719504258,19.375362370735825,5.972223253936462,0.8785136327442242,7.379253476997574,32.90690784843265
juice,80.55007117853687,4.157938760674269,14.827157565807285,0.9220154323311527,4.402708651461891,0.963986388678335,7.451560934957814,9.802868548992144
cheese,58.949639597920836,4.792605872278245,10.942705884276815,0.2,1.502788821603858,0.9183068704989445,0.5,48.37745200584403
cheese,59.047264514409925,3.412831720219293,6.97698158512983,1.9342772092247493,11.01540813413086,0.9265606614305034,5.84593468764109,25.946578704971408
cheese,50.186024851927705,3.774510964344052,12.18285853714097,0.2,5.367284422587961,0.9628813004259533,1.7004223084197734,38.67517254311549
rice,67.95589473893335,5.569225169447888,13.229431661228295,10.564992386809735,16.24637066644137,0.8727846669147954,5.726325282402784,33.11348626788092
yogurt,82.42293218430521,4.684166081181095,5.567396523329606,6.016037613144421,20.539493556975692,0.9084967766923138,5.5395444496461765,2.904109976873524
yogurt,68.82931795274803,5.2696015800022495,12.969129443815545,0.2,18.52134802279089,0.9024690982336588,5.598965795057223,16.111667756651343
juice,67.10382660797472,4.85841721416646,11.214400292627854,7.076895363955205,6.942783936141494,0.9347610322503834,1.6380141393030512,26.236739594347465
yogurt,58.71064091584003,4.500538758793857,12.506223816824145,5.940373407625197,6.70721048740092,0.8773219263746288,4.21855086914964,20.619340180484407
sauce,56.235761152781734,4.958058157874902,6.317251917825368,6.770866474603519,10.46385426049755,0.769767752458079,5.011523811315355,32.584084308089565
cheese,71.56458858289517,5.489819219347933,18.551921336449293,2.908560631081397,8.87303714668548,0.9095109645662417,2.002053099804406,41.500627634715144
rice,68.30552864827192,4.104167334125648,16.187232290766314,9.179351960948923,0.2765109413070277,0.966223897138801,8.15102492900291,34.69629844682336
sauce,84.02646954356327,4.462601015810344,11.456264397054477,1.1483489248962662,7.276491688180653,0.9055858556521791,7.122021192511634,20.993433645619277
cheese,67.53774588997105,3.0,19.082374002447864,13.120156473249233,0.0,0.8094279606653906,8.096179036930465,32.380385973409105
cheese,61.988591345210864,5.045625333630352,10.751674527307811,11.636087891062413,11.998001350604412,0.8593228504630512,7.05833380390888,40.14893405932587
rice,77.83393269582257,3.487239414573105,12.620563181089329,17.557736944770586,13.451394230159131,0.8354146309475573,4.164529792802773,22.872209424797816
sauce,82.4145394649734,4.619985566044715,3.7389421565173397,9.58082248740708,7.88211541669541,0.8534630318329083,7.838172455778723,21.685567848908907
sauce,54.94688296072502,4.1119156716051535,6.579440759446001,5.879828160761052,0.0,0.8558014787302108,8.041303118590106,30.689849456208705
cheese,79.64219372396168,4.892317154799952,15.678083890549962,18.214456878856854,9.389711513738742,0.9099202421064587,9.456406320799184,33.42574043981338
juice,80.53057435742315,3.897553695878404,16.09159912247825,7.452299356089874,8.02649054258462,0.8076687447570472,9.694642986621814,2.0
juice,77.83322269467234,6.054608147287176,20.51343366408565,11.058866070875839,9.797762138941168,0.8726345353918493,4.371174079959946,21.440411125738525
rice,73.73652235164901,6.1767062117371525,3.761545837058694,10.156992161297978,2.340059624891884,0.9710836216233091,3.0349362967298603,39.621672880066605
sauce,44.53216961056869,4.619122401208553,12.467025545310808,0.2,8.973436050216716,0.9385804641107044,4.19105600882362,37.164306607959944
juice,81.04302622104157,4.380149130932248,16.7619765311553,9.481390930180805,2.438467898465212,0.9241789278209911,4.063110470394012,16.782697687617603
yogurt,64.65055234490177,4.505802067385774,13.19964380710907,15.961209636461811,9.976007894250433,0.8624190604190969,2.7737544339297666,25.909003278348468
yogurt,79.18089476394076,3.9604685026065494,10.516706714502725,2.7713646386331057,12.238017607177374,0.9306524553602473,7.573651332969005,6.415635838719112
yogurt,71.69209700322108,3.625841005371149,12.890366960405997,3.0045130101750703,1.5025279911918816,0.9405480374174296,6.526378976750033,14.759317837794486
cheese,73.67647437028022,5.765428299396576,18.950506208815167,3.441329024063945,7.115039468352617,0.975499748018994,8.503645583789229,37.60219004017191
rice,48.25173408038199,5.944332274150157,2.0830609752314007,3.7093744351819793,16.207736291115502,0.9115434598314026,6.605950324891305,35.66286270906079
cheese,76.25055798111428,3.729276209859263,15.69176224747229,2.2066783411912074,4.1232355066522866,0.8724436142068487,9.83816425310202,25.58027458104158
sauce,48.967069519600244,4.331539454542819,11.360249753680112,3.470507266291502,7.354800533385966,0.814689520369759,10.33727833858522,33.06516419807706
juice,58.71141543534072,4.008749626254876,13.271487561075864,3.0727749199339414,9.191693677341725,0.99,4.880181624421787,19.178227599616037
rice,83.19137394798908,4.122453501544845,14.263884614464043,3.611655488398072,0.0,0.9385311565814828,4.3087947116304814,26.87121711641658
cheese,94.4068084475811,5.182744656649849,12.086312371886986,1.1051083536983048,15.560673141728909,0.9326374512212751,5.995977967740261,21.733630579977035
yogurt,54.574327156059,5.72922143565405,2.2296411851996556,14.248910971092219,6.675424264003401,0.86338294347679,4.977134657713605,32.96646444773494
sauce,75.83247516764204,3.9385154115551675,9.32123065273921,1.6815879753871246,18.721066121800824,0.8176595290251006,3.279663444402447,14.984338305472315
juice,53.382882264836475,5.3814126776633,6.39868413732282,8.18562001912672,2.609310067066033,0.9720476310413528,1.8211897212139896,31.046720801543113
cheese,81.03608143096405,5.061454515361637,16.508795353493856,10.594984858763645,15.195081578742988,0.8729679832071626,5.915718791408942,28.7236460467243
juice,47.318538563458674,3.818586043212871,14.854752843896106,9.153974900958328,12.183493439581438,0.9164066305006677,4.462641105171128,19.11024139820544
rice,56.38009339543157,4.8684984804013345,9.845496575584477,1.6996146894011068,9.326526924003092,0.968669540047892,10.037640544576426,35.94079470822479
cheese,43.88684534993795,4.43014696624955,10.438847702476538,0.2,4.6696508877979355,0.9202815973327603,8.409083788220505,43.561018205104155
cheese,64.32671238200209,5.065115608388545,11.485408998507548,16.989998920090787,10.698178366260066,0.9659129064155232,2.5740141810348174,41.142845898383804
juice,69.97020483184859,5.112084145727272,17.072670728894266,8.466871486435092,8.398411077571907,0.944670061791631,8.432079397822104,21.180436475807433
yogurt,83.65091035752198,4.726345555168074,10.808807887248491,2.590253540874244,10.026077114818696,0.9393370993035876,0.5,18.855212295351237
sauce,75.76501169118656,4.451917061289289,6.814408121986941,10.052490653209627,9.549239695088477,0.99,10.524779511384716,24.06305008473786
juice,73.32990002408893,4.476211005277861,5.090433986756373,0.2,8.864731451711092,0.8595672133756573,9.528433521652858,7.398604710584429
rice,52.69929035595095,4.2778243743389766,7.134848671962326,11.115118216000717,10.421574431649681,0.9376348866399711,2.3358376144504276,35.77096965273012
sauce,67.5723370813735,4.155178873272761,1.2100227021225414,11.968435967060099,9.922299917670804,0.7939341234226333,9.991948594543208,20.932574820212974
cheese,64.03233365109328,4.2386220932310135,11.36388087135363,5.821780072837488,10.500104718439653,0.891343714044767,3.7174595211084216,34.84032937144327
rice,58.545402897129115,5.564998651548929,8.283211417309348,2.3754066193421806,1.7835901853537184,0.885294556806386,9.464817746868624,40.90864418847181
cheese,79.62771169560033,4.676759196425944,15.973630820108054,8.241530804564414,11.828959875843546,0.8959742124481759,4.367598478294588,30.26360878747803
cheese,38.369872913139424,3.567932451175869,5.1715581277702345,7.436793292470506,8.767833868723013,0.9194198371665702,4.593950623449711,36.604064108982506
cheese,68.59768535961068,4.378038587619311,15.833656910732294,3.2461596659458243,1.308830789591863,0.9502334210063514,4.225516200337349,40.081593553371356
sauce,72.36881322002932,5.142703627271098,6.980346139791067,5.02073147663528,8.295342583896431,0.912059139771011,7.84100745962421,26.000143134189784
sauce,42.05481106628891,4.182809253994643,9.556232329249326,8.762238710120915,14.60058732401131,0.9331328629657261,6.24010083332164,28.931533369880086
yogurt,53.015475401225096,4.734429395076971,5.692810716401854,2.540467020263219,4.761098620479598,0.9482479638731767,8.598780433355879,28.493434754863088
rice,75.83608949872738,5.312236067044881,15.184265069608083,1.6671810197979315,9.405695495828676,0.8573155864696962,5.668746929931996,34.013168833369065
sauce,95.0,4.275705559708474,18.341608979440608,10.983796840559005,10.583078982247404,0.880297837455965,1.434439409177929,16.799566293428736
yogurt,35.83902626037825,4.1219830938304245,14.266621933283918,8.95305363594085,12.219081383207193,0.8453095743796842,7.699112552716393,24.4391701699341
sauce,72.82014539349984,5.142046040932941,16.12867139099634,7.080770352439561,2.8271435260041646,0.8169989321394527,7.763489694598957,32.432211333890635
sauce,60.34010525480517,4.967497746198515,11.436182349657503,3.9992223449582562,9.505686099050079,0.9155330682774574,8.722126185984575,31.667806555354566
yogurt,78.81164669906039,4.8862982743255285,13.511431033401346,0.2,10.933146356255179,0.9467220269590183,8.267148491616542,11.753771745262123
sauce,59.037010655495834,5.262185718520433,4.906943350333034,12.214729241924541,2.606840825346285,0.99,2.9171803959555427,40.07442048553533
cheese,61.9414785152444,4.519984142267715,8.52758891028722,8.622390230588405,6.003262891286271,0.9051487859071864,0.5273956687541919,41.2093606248239
sauce,90.08798453047059,3.964326122612538,12.6977684486486,3.2048655148659235,2.6971267375503727,0.8926888532176773,2.6951184969448114,19.378936231158715
rice,61.07769850837321,4.183776029652589,11.292909168974719,1.4323974150809522,7.203789974633333,0.9792145538534577,7.66603163024252,29.772520749965636
juice,74.4236782365489,5.521967217717856,8.620181659097192,3.4650095553736606,7.044488153764058,0.8510528522765707,6.175345963477997,20.93297566468815
rice,59.708903178072816,3.9001580364275843,15.343103257227222,1.2039183652463668,0.0,0.8222068621690917,3.2135930115148006,35.400708546560516
yogurt,67.29213788218587,4.944295277898127,10.363723438851077,6.979668061563158,6.875023539671629,0.8535108379980939,6.74660032344248,23.249965869922892
yogurt,78.67588647496567,4.315559819576773,9.729441816390386,7.475947690503313,1.9783988789821256,0.8564874965647027,9.062701936046198,16.078537063361857
rice,60.00388375325397,3.837559566052832,7.81379609217769,3.9533001078030994,6.5015100294831925,0.9520740079702481,5.83918656474236,29.79826109106644
rice,80.96498461297655,5.3610414220812155,8.848467352968617,7.476735651468904,16.15159050917601,0.8945761869606624,8.617941422970722,23.77256633419084
sauce,76.06268662354518,4.910017830128024,8.476507874743708,5.589213164551044,14.101515194502985,0.9850528248438333,9.538436286736143,20.902935042599704
yogurt,85.44868312685746,5.429997379580004,10.625667731438526,2.5765432240682262,0.0,0.8499132333686094,11.005857185281764,22.07201762672667
juice,65.78221729654491,4.342678469467615,13.352957884929186,0.8508331213278877,12.743583121721,0.8030007436475366,3.984383960122262,12.404208286402834
yogurt,66.44627942192955,5.393972570263284,15.062039411537004,0.2,0.4153415388034397,0.9761781739561006,6.992366014685305,30.30177845410074
cheese,65.16110263884482,4.801723606489785,8.384917771042675,8.126194776618963,8.753858682134341,0.8858643052187104,4.104719785254988,35.83332926684033
juice,64.67604611185513,4.514621098434532,8.312559721568713,7.930389303810631,1.5095373416917872,0.99,2.3724549781299133,24.48287656079603
sauce,81.5658543767041,5.038656019277914,13.11255148081207,15.759607947512052,12.19662833929081,0.9605761435928505,3.7444943123663466,24.748693262116674
yogurt,87.59900153096298,6.555290766991349,6.102144692253694,0.2,14.857630032926146,0.9565430188800791,2.8062166624534384,14.277070705744022
sauce,73.42643126920953,5.227637352260139,8.263505523218083,9.151340786317968,11.251726525123757,0.8780596189329622,7.097227370097798,25.236594401970102
juice,83.94637929039312,4.595383367112045,19.716966137275254,4.063158398760047,9.97465052143739,0.9210130488162143,4.411321502928852,12.801847193575597
rice,68.1743666937175,3.0,1.586342634573776,10.061244163597465,1.2975973046990745,0.99,2.772805973236725,26.121382466196284
yogurt,67.70569167996642,4.817729775516739,4.456417477980778,5.003345875235577,5.39332185129515,0.8660360166981725,5.605872003514813,22.355230209703155
rice,77.51999518948891,4.339005347287372,10.528364134390076,0.2,8.476079192949161,0.9502950862642526,6.284663325576021,26.796294684003893
juice,69.80270139350051,5.832023001590869,16.432283269759196,0.6914090042237688,4.661735106623622,0.9239433073963803,5.15050990111629,24.64848714779388
cheese,49.45186497327395,4.946549032203472,5.1672726799449515,9.387496167680862,7.245416442623086,0.8649296033758594,10.082068876500744,46.47413040725677
juice,52.887739637721445,4.615542982594008,6.090945679415569,3.4131635278495347,9.501187881872108,0.8896767602684871,3.4388869412542498,24.988771352264063
rice,77.60074902815116,4.220293164345236,5.963273037923187,0.2,12.035394488282275,0.9355372838363414,8.20288481812481,18.768288935627766
yogurt,64.05189310905051,3.575207379732151,13.149847390613512,7.050000733719495,7.492745851943519,0.8915951216365327,7.05743751820338,12.26152543984319
yogurt,66.5468856172636,4.319822287097121,18.408577576543045,0.2,5.851301940700769,0.9676886871599591,0.5,25.74920749464037
cheese,93.81699998340845,3.890278522865808,15.578947400944221,14.174356611166427,11.627050688217563,0.8262969495693379,8.96061806828545,16.69653151114517
rice,50.59227665135377,6.080042595661869,12.402110261743735,2.938667218719221,9.797625735104965,0.8854754352454912,6.260755668573408,45.25311075812629
yogurt,62.799795417057105,5.790786979415119,22.02296938019354,4.56158936135952,12.62969140990918,0.9029806675071425,6.209927392254281,29.743616502640847
yogurt,62.1072602004058,4.041748911795216,15.307246597765714,5.396042193040981,5.449632195848497,0.99,3.4391401331138436,21.051918959558467
rice,88.00377892540591,5.215985118911619,11.427753686480063,7.072669650376547,10.817878457137839,0.8792823166180957,3.541315211591958,27.13038573700279
rice,75.29208297488634,5.5729286280521855,10.280556702152573,9.711577190802952,2.7627432259292624,0.9014249952357372,7.763008940200696,36.546192256122
juice,49.0073835500201,4.693199104586417,14.69107110650566,1.546926321023048,3.4053313729841554,0.8742259844112565,9.331141863778036,26.127420928061063
cheese,73.8459800245303,3.9314178969836484,7.956656418570757,1.920243727022897,12.844769679383164,0.8314507234690853,0.8634289499000187,23.057263532070426
cheese,71.1682687723526,6.078714448744812,11.900186777630026,10.805625727033403,7.795322369416567,0.9001506963907177,8.62266004818995,41.17996517664436
juice,60.43333407425634,4.453120283012507,20.57437608163465,5.739612531307093,14.973516401005526,0.9006979174455215,7.7906253206450415,13.849686060551933
cheese,65.82222284427202,5.043726525249779,14.78217916015602,2.1962176196686647,12.862373605346894,0.9724312627122556,8.689134686360644,27.922085746979366
cheese,38.03195886321464,3.3106153974791876,7.068339228575157,4.819903058162367,0.0,0.9824234446250392,0.59795654792992,47.33940479215308
juice,62.62274732987443,5.083446318365567,12.87947523282779,8.821801945964031,2.0919284159296563,0.99,9.996967465436594,22.59228088958464
juice,65.9263784491318,4.25976563187795,15.298549235347437,14.384112927361828,3.891716901279266,0.8785751133244605,10.032471971148698,22.27441230499858
rice,76.10580756886439,3.7029906518391695,15.232606832964615,7.58221297732501,0.0,0.9049415230625559,9.453428656615344,27.398308999550725
cheese,46.4810389073998,4.398346770177563,11.518110743598923,10.649788154405973,9.54291855746432,0.8516844462555018,5.546954228132812,42.76873184587461
juice,75.30682906749728,5.784484475199303,17.38538564566033,7.446311585699326,6.563707988992787,0.9085892241644515,9.262576407936951,19.630724961693115
sauce,80.95083409238063,5.077059634869904,7.874888216364005,18.670671831846114,3.565962080346006,0.8853336423314937,6.9899228185905935,32.5782799099671
cheese,84.29282261406907,5.030277534184338,4.069949560978183,0.2,0.0,0.9850293101356414,10.496003211454399,33.62993181833437
juice,63.085332825529626,3.8813418859618314,24.3524823942442,5.432760846259881,0.0,0.9313120899550569,6.851889644875946,22.216648188212513
cheese,53.56694069875625,4.431400054610592,11.68076792750917,0.2,6.051607043221471,0.9603255147043458,6.526224674468864,39.182824357216376
yogurt,74.91548829820341,5.558014508523687,10.254764175738698,8.290959716277486,9.266222379958213,0.9571722842716924,7.750645412177601,20.391838006117798
juice,72.80066606412201,4.345518022430263,9.251186922845589,1.155668879649089,3.458098030022696,0.9721445686904693,4.398825626551496,15.669058943453237
sauce,78.98060747883379,5.620884957220664,3.964707169521797,8.921354287725038,5.415631553808592,0.8194947049249359,8.914358563164305,31.18831788373514
sauce,58.632358304382926,5.551933652945322,11.048136374217036,3.789349697595623,9.24810868990113,0.8911331141928444,6.210518769144765,35.59966012572601
rice,88.3956983103413,6.220526517482708,8.372181723662788,6.8267813287163905,16.22813478489939,0.99,8.594667795436736,21.02332157961751
sauce,53.49967008629542,4.086006605404148,5.218424614678369,7.53007511499436,10.507985570428739,0.8609244612107163,4.712040432427034,25.019683169623434
yogurt,66.83617640205335,5.047193070952973,3.7833095147919096,6.632553720896207,5.887351433090453,0.9047382914982495,6.4707704968501725,23.703647606522487
juice,75.54306816184672,4.738661250011019,13.487936990969377,6.589339681450132,0.0,0.8499640684305959,5.1901248019428845,25.00118819075711
cheese,90.86573837467213,6.003176021277161,7.377573233587748,2.361693312787662,12.436390783158416,0.9576008546535746,0.5,28.01485411187888
rice,63.74043479478721,3.4271326792778094,8.025899836458425,5.196736803906856,5.571651288253893,0.8475685435592551,9.600792862540558,22.070686457484435
yogurt,67.71990763399687,3.9200838285244517,7.047099457453492,14.86816561820997,0.0,0.9353487653756778,9.461724655505206,20.408979611642128
sauce,56.49309637769888,4.095900241862524,19.324638171682125,15.5085026566976,11.829308523043556,0.898663374094971,4.739821089908639,31.515352130649077
juice,72.37615650507215,5.302223638244212,13.898235739453446,0.2,11.483319641284792,0.8824769410173612,11.86150176963108,15.490686946513762
cheese,86.62119771493293,4.784522916423658,12.930896796089005,8.397534820944397,8.978419670881355,0.8694049562558347,2.2025311392452025,31.44335698595636
sauce,68.45175439838445,4.694327550510336,13.359496456075536,3.790016921065204,0.0,0.8570767273419582,6.938605706925656,37.2627412195746
yogurt,59.06509806615776,5.481464498588422,13.493610283432892,0.9480743901031088,14.536761195008353,0.9028500339571797,6.070684590749584,20.52163844424274
rice,52.086174008965465,5.9342702760574415,8.546625313488944,1.8906104103042463,0.0,0.8398007187237044,7.238622241067304,46.97029450751998
juice,70.04644779543656,4.222410298893337,10.920133095813917,13.062103945546092,5.140818249430348,0.8930750323534845,1.016741211672388,21.18394472127756
juice,85.65942348210868,4.700418365420583,14.540149965064067,11.748117313948764,9.119545612459385,0.9448237949800488,2.142625440771414,12.290908663166038
cheese,95.0,5.519140799652055,10.405241037299625,0.2,19.134642630390108,0.982492121264054,7.937100335417517,22.32003024827824
yogurt,80.16456784455292,6.275274490029809,3.826795303889447,3.689948663178688,13.192520637131762,0.99,8.069516720969894,13.071932728500531
cheese,75.03963781887519,4.390889567292151,8.49066292277862,4.190174285565538,5.298579954684142,0.99,6.68486744422184,30.532579215271724
yogurt,74.16475142527716,4.85662337196655,12.98873705799858,6.2549916117977835,9.248236101456138,0.9452528826749061,11.107405730707374,16.69153835659797
yogurt,79.52901078845285,4.429470346794081,7.512802322588136,2.8243094394894332,10.226049099478109,0.8064606365382296,6.112985085484277,13.587908608430716
rice,49.14091798991508,5.048458618699127,13.417456573749032,12.597241356001906,8.885912733307588,0.8770479258984553,3.3623425468937,45.91484914674308
rice,59.75656854701988,4.977818743087668,8.26126399753056,8.08859836529348,10.824106001481828,0.7887338704467042,6.8129177771820695,35.11814632319595
juice,68.34328828969181,5.0937860049576855,15.96555613446092,2.904488391247095,6.692716202266658,0.8267813879542442,5.68843608822176,22.812555645228173
rice,62.79658751339328,6.319380012614586,14.074342373191518,0.2,17.26746806834075,0.9104189072553897,2.8739864852006636,29.25306059154175
sauce,83.32908921236313,5.15429990581759,6.993512631927935,8.772183126489216,7.611260669480384,0.7886922487948517,5.146705474305276,30.311724975967593
rice,72.22782587641326,5.337911057804842,5.464644742389388,11.46593348984372,6.975533009185014,0.9085139930224845,9.596602023900392,31.141276993186818
yogurt,55.737235390198904,4.746589607278114,8.627503713737187,7.433859572318224,13.890843244318917,0.926652731101483,7.67746424780228,20.596413933444147
cheese,57.55352779970865,3.77722941653388,7.690958503043146,2.799722707874426,9.753126921543535,0.7845237102229513,5.163924450459655,29.88600776822629
juice,76.69269094960913,4.78685541240546,4.2565311073577465,11.738315033796392,14.74043703284717,0.8485519063702812,11.503538548069578,8.772016722821446
yogurt,49.94811875708604,5.247429518089076,8.240655830140593,12.370787305977656,7.377540560515448,0.8873374022463978,2.030243063043643,38.585200891999506
rice,67.76399951229452,5.5603135400654615,14.172945673165575,12.107455219159267,3.8420883515426882,0.8628925435422676,4.350625126492099,42.08766664107556
juice,59.676610856510635,5.480605091417591,7.685600319058213,4.447646229346358,20.568948620228667,0.866942162210362,4.642243250680198,17.967379308779797
juice,57.359681660607194,4.363858182095559,7.767948119829561,7.586186715428249,20.61595434652149,0.876761626802157,5.547259415972852,12.108181658756983
cheese,57.23558997743547,4.954656208116261,12.952298149188978,7.5803036620444395,12.223313447230897,0.9690418259557118,9.686065180004567,38.56974759642842
juice,54.79846303573951,5.727202888389134,5.868166208403831,8.144565379660628,14.605535837930066,0.8990561298424941,6.582358495480324,22.97561459003708
juice,54.48812412151127,5.021228499077302,12.084347721777004,5.41747733255758,9.593074766452109,0.793187650779111,6.671733156571115,27.02170781407864
cheese,72.09018927182096,4.7185342988537515,6.586486373745576,11.374124976416011,6.211005251168115,0.8646495329726607,4.010997941638652,34.97433024388823
sauce,63.357470283868714,5.473736202650441,11.573191637469693,4.951777911194381,13.79628497678733,0.868808731980135,0.5318441060426329,30.777287002063588
rice,71.06774524043195,5.20627934902461,6.5237291010256895,2.831684658257076,15.594010705694934,0.9027545815840066,3.378878899593746,25.762051867326946
rice,59.49701112703837,5.3354565954732065,9.863213077706666,18.68713428332051,6.027041356904697,0.9385833358477282,3.8258955438272704,44.210920374379604
sauce,88.62778892340017,4.145873555416665,2.5044872251714456,0.2,20.847515020665,0.9043774634223928,4.268456508066467,7.113623244425261
juice,78.11622276286494,3.0,1.0,14.21702949254261,10.029728288110496,0.8391237107634092,6.783793416939593,2.0
yogurt,66.95355992304299,5.193297849161012,13.29564541316495,6.740269202817453,9.30872250254721,0.9616922632058249,7.39399708262961,21.915548656401015
cheese,63.40069622648655,4.372838107767053,11.828938125760077,0.2,10.451444036135982,0.9124691106170519,6.355429458644293,34.45404985639517
sauce,80.45602426311761,5.202209548461117,12.733654620436376,4.020575102979148,0.21644046546230356,0.9197768254630067,5.8115474826758815,29.767761821609966
rice,56.990222443231985,4.9973547950036705,4.991583225461102,2.2633329538090092,8.917810216350901,0.9894222296224179,1.0531320635519035,36.3416525011421
juice,66.68905117946512,6.721731592787254,11.674107502084537,5.048219400457725,13.228697122448548,0.919144737535922,4.490650943087235,19.5234510365873
sauce,80.28625388522191,3.28198421225688,11.26147480114758,7.962006575326648,8.929302390380055,0.9397528068308824,5.060500065467579,12.844723911155077
juice,53.79226493053129,3.526610800634421,12.975086709394997,0.2,7.351582318784746,0.9478836347673902,5.762782146659488,10.972991058402144
rice,70.87913153793289,5.191109066926072,14.725580965674302,0.2,6.074161335054502,0.8571271922502164,9.005486972162222,36.56037707523154
rice,53.47965601747216,4.48618318286465,12.60286852533456,4.720574935858396,18.39225724445471,0.875349227155886,6.5579188058921805,25.99201532500787
sauce,49.91450962949218,5.76676569814669,6.94388042150192,9.485354943155928,14.11362575312457,0.8747241564268813,11.189331337433197,33.49209663386355
cheese,61.87439972795263,4.721863913765011,14.712824831002376,0.2,14.412594853124885,0.8058299559813501,10.352465677865382,29.49699777907529
cheese,62.6632957513956,4.460320411040351,10.122033776068566,0.2,2.6194208045920364,0.896998314185083,7.706940393802647,36.698613045531516
juice,64.29640188713682,4.462434959579758,14.418311789607207,14.644013271960286,7.148254299860231,0.8656901669421956,6.3359602248258255,22.303166014868918
rice,60.49722360570002,5.569076681042695,14.517505283754518,0.2,4.844091055829591,0.7944777661715086,6.385930672258146,44.61211647746624
yogurt,84.23110186881757,3.671562266087733,12.454777190342435,5.935459965861417,10.005310392776211,0.8562345763308529,9.56101696305779,4.495304683981148
sauce,52.66226808153472,5.49180360383676,10.848387901907033,0.2,14.754108932280396,0.8235994551052603,8.879800785140963,30.74399784117408
rice,83.43589305623807,4.433917442663284,6.445431159008782,7.5683780054821215,4.845147059843158,0.8521176103821446,8.025258781848843,30.42732974407222
rice,75.76011788579021,4.842553552149384,4.911979230216663,5.0767829931681,0.30215414228755433,0.82241247904123,6.722609967130291,34.98639822127089
yogurt,83.85213336661695,4.710788359091884,11.025331605415243,4.688867556991402,4.9122949283085795,0.8705144901133152,3.4157936841806302,19.848313661168216
rice,57.306903002794826,4.450491469411274,19.713848509723217,4.453829386670176,17.222279869111475,0.99,3.417838454514004,31.01441903437431
yogurt,56.58336377501616,4.418549198865073,5.127073160952523,6.170816936647888,6.917165415859596,0.9336271425245499,9.03467045370117,19.585441199837202
cheese,58.16685627318155,5.958724670118187,7.68325128204495,6.802340930400329,14.45606595281272,0.8862944603039629,7.8044376826272375,38.08417935152891
sauce,63.10437540913462,5.188925593926953,16.224756247476087,8.293775951881486,3.592849673687736,0.8919793235238707,11.115513455750476,36.11515101396035
yogurt,57.93664257712518,4.017047570218697,17.198282772755366,6.806277379422796,3.143702652839913,0.9278043543806062,2.725284779756185,22.824707406364308
sauce,75.88199864310997,5.922237370378646,6.163711129134428,6.819683959701418,12.744444046315802,0.9592693827356465,8.999361888115237,20.667443329624366
yogurt,68.56680393202528,5.98022650221352,7.794196561876391,3.0202397177156692,10.774128492536276,0.9688735360760403,7.605008014688134,23.56578301127873
sauce,57.48252495951947,5.296380354075301,15.349867681236471,3.3585488301541346,8.074911156934434,0.814496255334574,1.537200913515262,36.26302235550389
sauce,64.6118155599385,5.300203235027313,13.267359030556246,15.524105355430377,3.8739719069659015,0.9570882950822531,3.8494979480828038,39.728756927384424
rice,57.78124209807552,4.30771974517099,11.526723857630591,3.2986766438640265,0.0,0.9174773052217318,1.7860611548753342,43.48213475624369
yogurt,70.89869023637634,4.117522041694805,12.010786632932135,4.316912604827425,5.021925761374448,0.9434861942924869,9.317596650629016,11.108895948601596
yogurt,52.25242497192263,4.376261292459242,11.111076381862572,5.482804460612969,7.302305586648002,0.9341924623419554,6.385242918271839,25.61862927697674
cheese,73.56546550834518,4.494400419935034,1.0,3.3241436541480036,17.335037415307085,0.8897311645637266,1.7966454798128684,28.140788347301402
cheese,31.390189962535445,4.551526304479995,16.078291999723422,7.680299794910674,1.8290688439096567,0.837054614058145,5.405808386892849,57.867933844092725
sauce,72.33716483823451,4.542295817361567,15.251796003018388,12.106970056305673,9.846377888251766,0.99,8.373932535326846,24.527309383595142
yogurt,54.54456040159993,4.025755287621374,12.320179271065426,6.135760615840695,6.0336958555401505,0.99,10.332756969218146,19.407264632804974
yogurt,68.58536816269567,4.92994972171214,11.255298324767464,7.858057497070889,6.943340118790844,0.8950861328919915,0.5,28.504741270707704
yogurt,81.13721961089881,5.662430382636393,9.834739158915458,12.489216509821874,11.603420675111307,0.9558616377903271,10.00334337343289,16.47218458811975
cheese,64.43059817227414,4.598760166516302,18.049791262260403,1.4270613208630947,0.0,0.8638701245557691,2.6289397037112687,47.27355543062722
juice,70.8508270927776,4.196260696515628,8.94582356443991,3.1294895943508783,6.884718766294509,0.9209192074729269,4.446571642417251,15.187460578672741
yogurt,47.49251452226695,5.563442750610923,12.857839482039795,9.41383932457772,14.824197447672958,0.8633361280199655,1.5470310426347136,30.126951931126136
cheese,65.41051756361097,4.808889480136316,6.9251806475970525,12.431862886434873,8.971084132622247,0.9385179197361427,2.4235898521015793,43.04039341929914
sauce,54.133369512200986,5.3128048665342265,11.835322320112358,9.695971487671988,6.777667319287022,0.8476065774554211,4.827634485240719,40.11428381420304
sauce,68.75802518339786,4.956485627098227,3.774351046365087,6.519229183241722,11.41241865101059,0.9632888534468292,1.8082963620805756,27.241288010007118
sauce,70.56522931261917,4.872986018221764,5.5882148251468715,12.2056033013491,7.319472733956624,0.9035906902596245,4.486954852922927,33.33373002639959
yogurt,79.5617104861337,5.387965111176809,10.135097055631686,0.6775759910105885,12.511773497400593,0.8636977961031643,9.26079794833037,12.922242381182276
rice,67.89850173476965,4.9820304908809065,13.68398882795821,3.2610550897915074,8.006662422011035,0.8588866447146926,2.950046517206623,33.234645361576
juice,69.30448633981817,5.249560281792648,10.527041365524884,6.53019793983727,11.716445283155243,0.9472563734964343,10.96472875139197,15.067410397761387
rice,57.29399542528556,5.738640455867221,12.737155314405909,7.431204176415178,6.892197830557144,0.9425027455350009,10.248566023410143,41.85055394863656
rice,95.0,6.242184420379602,8.101795501747965,8.16438269263815,17.431379696878707,0.9278531410725174,7.051233072694719,18.665489132357393
rice,55.001107076566576,4.0511940281887,7.264281411435493,8.178717855308875,15.5847976019189,0.99,6.01533178698449,20.7466236315012
juice,54.492119229796884,5.156552743391526,8.726938035749868,11.510105370960835,0.6717652978247155,0.99,8.470580423316195,29.490756723387705
yogurt,67.08883359772413,4.203335556255819,10.85451605839839,11.200686977148523,0.0,0.9678775623513444,2.339716539780316,25.13671959791883
sauce,61.98911907244332,5.454357469910081,13.949717941205428,9.6154806400034,15.479866402087149,0.99,4.923650188468399,33.79863475305785
juice,86.10289226662947,5.730177390115212,20.837504328607192,7.236607744338552,3.2346744647423353,0.9648536252518839,2.5230488706850016,22.102665309556592
sauce,90.02289650746519,3.551757984273453,2.429782182641862,0.2,8.832104385686252,0.9191736001935891,1.6244487319233762,4.39582892908392
sauce,44.179700973622026,3.989948873353525,9.815373837405398,0.2,0.0,0.8829980287519884,5.295399014579361,36.35589468263513
cheese,82.62082044584173,4.870859270909491,16.014298693234096,0.2,9.875708335596277,0.8559593924742775,5.514583895800824,31.082627506119078
juice,71.5213434623963,4.815522970435126,12.022001305485093,8.247838748695722,10.312452494007788,0.9247814982997258,8.909579724098519,15.625339452757366
juice,54.347921524022475,4.517805100517257,8.513129308032836,9.081879884535374,16.103563901793947,0.99,4.607533940796552,19.851751771889848
sauce,68.08420727482049,5.399759756107261,8.438475142413688,1.9303827121031212,2.1311618476554273,0.9345741804320746,6.470689205065273,35.01839513014362
rice,75.00297338400871,5.822598091984265,12.116820240797301,10.4221507382847,10.586404437530756,0.99,4.15091361310714,32.70866634572122
rice,59.15673249867679,5.470512775969682,8.937472649205397,1.5803659445446263,7.436146533335678,0.9697130361571366,7.145948280206813,35.89401375513148
cheese,61.59422327065492,5.0348492103868265,6.880240584284906,11.55333054574228,13.556554488461625,0.9483544652116283,7.738607097007501,34.420146136521595
sauce,70.04367836175457,5.403278799913092,16.691783163461142,8.117330406495213,12.241096977828066,0.99,7.9263682168306815,26.211360937689363
cheese,38.59581974263063,5.529488809192361,9.17093423362696,0.2,9.276678478516917,0.93932269887717,10.585898111696984,45.45120005728082
rice,57.46331164929353,4.943771738597835,10.453096641238973,4.933748117002254,15.167910141829251,0.8709025585139414,3.9020614393467676,35.76374536448435
juice,65.17544906616884,5.561420712559478,14.124856796839614,7.263733374247145,8.234265186921325,0.920150082008153,4.419261898069884,24.235969604253658
juice,74.75887587062493,6.116338071417852,8.042672028712813,0.2,5.738602246607928,0.9190368206820926,10.218562133900695,13.987680889003467
yogurt,65.442185768179,4.55049363994766,9.200834582701697,1.439384747592782,10.62152183103095,0.8323768641785251,6.613498663366571,16.55442382597022
sauce,84.46069727660979,4.4987585409113695,4.980781092233553,0.2,4.031542004416026,0.9798838813082787,11.232732110336569,18.721436183741
yogurt,52.87577371631818,4.841618150454721,8.727614295921034,12.434750461033573,18.04677039435017,0.876933567984887,9.481096980989257,20.73438129614617
cheese,87.26756484664959,5.253768070146164,8.658590523831604,8.518728798474639,16.551583930913935,0.9047256300011335,6.482320956184797,26.91407265376817
yogurt,77.52995416232874,4.450284526753498,4.443605012480551,1.7037757104894422,11.519197590727066,0.90977125533063,7.893736252580638,10.448152644232719
cheese,72.21502519019234,3.526512177667885,15.34627732466808,4.221338774980981,8.248226051639739,0.99,4.366003023812527,24.683788370216384
sauce,67.03115140381274,5.4620434624350525,12.234582090884674,0.2,4.06645798024178,0.8764116406504169,10.262199611548002,32.812598557278505
yogurt,50.71465985301159,4.347083576942311,7.647850856600051,0.2,6.952687146035862,0.99,6.2488438685809955,21.378013638855148
juice,91.04997317041301,5.9489294287885865,2.837948109462535,0.2,0.0,0.8402242458223739,6.99212721280562,15.338699759924342
juice,76.86271231065776,4.948734334561892,6.083822101754594,5.483407358098229,4.743824647615317,0.9349370860692491,10.68375224501301,15.355292035325245
juice,68.31557069849713,3.0,13.414710328244869,6.964660642594854,7.070402785472242,0.969543969022152,3.569907206299478,11.074721541304607
yogurt,75.49998801745967,5.774844864608034,10.557841962883295,0.2,27.754779838703158,0.7799045770011748,4.554972176584341,10.031407895579791
juice,63.26159649038658,4.315511321977518,10.142821528207081,16.22098089146743,10.68883542435134,0.9480961966025842,5.138977774395639,18.375222016336114
sauce,75.62471625949038,4.99211707744639,8.992654365129757,7.722569605575168,0.21219027173723637,0.835903037971309,5.525331003246207,29.67082899779139
rice,86.49344466144395,4.995405245481469,6.533740414487197,9.60106791261488,9.088610172862627,0.9112558349739877,2.296125779418353,31.22192945374425
sauce,59.33282349067173,4.038365482920193,15.140744219737778,5.1207914205072385,10.09749176134962,0.9557179627856709,9.714757818957807,25.325759359573873
rice,75.95239360239924,5.585245516592598,11.90033878977072,15.779033249975754,8.128679607137974,0.8923534406982045,6.150544352539638,36.92348207611567
yogurt,43.744596968905924,4.55695054649384,4.931154131877302,4.231380716525905,15.391441202458726,0.7800521427021665,5.340037994769403,22.078951881655538
sauce,83.0223562860515,5.34043535990733,18.58891199410349,2.932005275050499,6.4990279801960975,0.8510797877556614,5.3122686848988705,27.361829825049163
sauce,76.79495565304452,4.4644363893501025,10.591122904811872,11.868947377040758,4.786045323003588,0.9730715446866623,4.941925630982378,28.634018050619183
cheese,53.61102598851592,5.082002546579148,6.607354968143607,11.872156029862115,7.461355778049288,0.99,7.515059553374163,44.383394155583375
sauce,76.47000094304849,5.996384528373069,4.320813972327066,12.305844280103807,17.071401960558287,0.8865136678815173,5.20212052982174,25.45451158880925
rice,72.40768435179706,3.855686767616498,14.820487278309791,3.6194688800235553,14.064583111793413,0.9454070767893096,8.365920544510674,19.51961071010605
rice,73.74783120777526,6.065950667275109,12.418912616925482,5.750340355946417,2.73282407153025,0.99,7.800283345752641,38.77145572940886
rice,69.32698355644374,4.670675453798048,8.80883042453426,10.16632038938889,12.750737102593172,0.8544153695588977,5.9207981792447795,26.26267131962859
juice,46.130715200000196,6.079488246532157,8.632588060608533,7.442198342346654,6.633801183955175,0.99,7.207510067643533,30.618947479289023
yogurt,52.51105622939654,4.987332695966397,10.407860422058077,5.817629455987648,18.347116979743156,0.9092647079730852,4.880653891497152,19.690315300721664
sauce,59.337022854760285,3.261153273360266,8.051197885597878,0.2,13.593256287523285,0.8928701342661959,5.917785220164628,16.45239415637826
cheese,91.77647627275599,4.475379321584985,6.282491507308949,8.148990860542316,11.312001168468397,0.8625003287423604,6.80584716072814,19.033376527009644
sauce,43.70740990060324,3.340358076869401,8.426407090956682,12.933537289851394,0.0,0.8447202345832968,5.457884102553029,31.447350340294324
yogurt,48.532230986573936,6.206925897170668,6.390268308355728,1.8181589235075988,11.706989981578472,0.99,7.332677194285151,24.96973724295141
sauce,91.99062602607648,5.927001513009688,20.70327997476354,3.099468564431385,9.512508869754441,0.9620124074564357,4.032479737358823,22.50865404879911
juice,33.7886456100578,3.229032152715509,10.187500853072132,1.2513193739268234,10.470432834828786,0.8981957937659589,9.516371432820046,15.321719614737415
yogurt,44.60629614705925,4.56801850364402,16.513073002640855,0.37234920601372257,11.117807097975533,0.7761719860146886,6.4288264605032355,24.975988174993674
cheese,66.86289395303533,4.672904909546055,14.055588647934018,14.22586953366039,2.884045348772357,0.9013753661554087,10.116432701303157,38.19490172915136
yogurt,69.82265797868125,5.057056268963291,2.8117620318893333,4.175957154616942,13.472545288305545,0.7844845895471744,14.93007728453874,12.699247302039007
rice,75.64251532697183,4.085480805108248,2.2855821820796987,10.280203037854852,10.347886276390337,0.8582564243995808,1.192877946534887,27.51724915405559
yogurt,84.27148427800934,4.5098824165506235,17.061319611559103,2.9198400780675895,6.857768228051182,0.9501689219728836,4.435796809031707,18.206333048753343
cheese,76.45118176890134,4.081313591263283,2.3607583411663917,5.538278660044948,0.0,0.9267259164210929,7.906659464106371,30.44887528205461
juice,53.731580670190546,5.174050615620214,9.397240418283152,0.2,0.04457774175438234,0.84402030881329,4.638625672410068,32.50840413671235
sauce,79.0612808169143,4.9302212732120605,4.742657066410592,11.664257813670481,13.639728995417597,0.9544554936546958,5.670450239876974,18.75314569183878
cheese,63.28521701346114,4.598061679145416,7.08067742508615,3.700326669330749,8.455311572339767,0.871439176031515,8.709261678657835,35.63649175095546
sauce,63.754122547045704,4.808470557543006,16.11707343044984,0.2,6.126377084499618,0.8963981597052445,11.010066718519337,25.504388043140313
yogurt,56.49791046046004,5.434658925962561,11.168741813465232,3.6184409322262576,10.052677319648879,0.889976316621086,5.743527039305976,29.060415569122824
sauce,55.3948850989084,4.9334992345072886,11.716075242239791,5.75289534745395,11.171802992171594,0.99,9.016395016607692,28.260654680791433
cheese,95.0,5.550310653330244,10.87146553437759,0.2,14.953657429472278,0.9392306148796424,10.717542556164643,20.389497848117053
rice,71.03581897867575,5.393781599240249,14.854271447071943,12.921642792451811,0.9599209721951222,0.99,4.895116836514555,42.368459298647785
rice,55.626866232707734,5.290809018636165,14.642215811097195,0.2,7.6560887977326235,0.9624723833398042,7.629426922153139,34.41272266382373
yogurt,66.22507369920928,4.2823327704876535,12.73522872734155,0.2,9.761679715501343,0.9504128366810864,8.763826876968041,16.8658379314139
sauce,71.5440121537519,3.992248906603884,18.93441170548256,0.2,9.815602504146694,0.852627337932194,8.689403730401228,18.689120839672068
cheese,77.17215004484444,3.03198329538997,5.819139094502408,3.8201568221123736,2.3238617922642355,0.8654361422699977,6.7146714312294,23.082212614358657
yogurt,53.8127202193466,4.331866068598477,13.99599661194133,10.017094193891824,14.493049511563589,0.8806857817754534,6.433634585460345,17.966440549014543
yogurt,91.13460264311873,4.365716740445852,10.15573846438716,3.029208866174838,2.483060109885415,0.8593041921480465,2.856405563742396,11.960160872788702
cheese,66.01929792068525,4.678149487321676,13.09876161849951,2.226267400943733,5.623593352412341,0.8411655011383488,7.2102905324494735,37.745995031536495
rice,57.3981185967181,4.852685427873501,8.289678743916985,6.140137982287723,5.948478562143564,0.9520948164673518,2.3047669890139226,41.72650083139021
juice,69.95779129549521,5.461606158911133,10.465623307841142,13.05618434238101,7.656795893992684,0.9642615580233304,4.230143598722689,25.52106514237391
rice,65.1930387705631,4.279021180375206,13.76402859862226,2.7119468836627756,15.201695991469292,0.8883208681129315,8.40378185630559,20.17023262213905
sauce,63.08555022557582,5.134632938733377,11.981130428186958,0.2,9.895513129912272,0.9151433142890534,10.244877620493732,28.03928421407611
cheese,95.0,4.340994489527639,7.468207654599791,3.6439987607809914,11.229040098538764,0.9529338266179229,10.676861314206448,17.152444618232824
yogurt,88.5884146593572,5.869214382134849,16.02507931961105,4.676494073780735,10.146326585391773,0.9457717251013497,3.3735569448568725,14.961435368418408
cheese,67.92778887049842,5.769206004091599,12.465344738727161,1.0892510757464215,5.484162612852325,0.879257425806777,4.169653214875531,44.62822716489528
cheese,42.04578901732566,3.4757600721032076,10.702248054808207,4.868854869024513,9.804668168808282,0.836877187348295,3.205593727411788,33.33967658819787
rice,62.02533022947476,4.595942016048709,3.8385068849298682,4.702511006404287,5.676146390152579,0.8257621277897125,7.135084570014731,35.30917009795681
juice,69.65005113016913,4.660871846773373,14.74319785268888,1.5526848633351789,9.480354676994112,0.860051418682512,0.6808452955019442,17.791221485077838
rice,90.65768266822226,6.128357852922114,4.8034469151542005,3.5394422654331663,13.37532608846381,0.8593562659960216,0.5,25.308050370324224
cheese,77.19282994270297,4.5633885015139635,9.701064407308664,5.994328853383708,3.531410469293903,0.99,5.190997306851537,30.000986484879547
rice,65.62726282934763,4.721320273424406,6.269617258671275,5.352979322400245,9.902361088248451,0.7920882423306741,10.63011978662265,28.597685007918514
juice,59.36039543483682,4.167437751844895,9.63256959022695,6.22874134224427,3.5120252469959223,0.9165036624585493,5.9032825090270995,19.26217975568508
rice,87.88262679109117,3.27616846773193,16.75822552048318,22.692690491211824,0.0,0.9889118206592354,7.094872321466327,23.966553754784467
yogurt,62.70213891358975,5.724741030430572,11.773063474617658,6.6446523293075295,5.4847549093654795,0.99,5.612591359601828,29.682198930379464
rice,46.068970029884554,5.250397697129303,8.552386607200813,13.672132349302487,14.381035318053707,0.844098894863218,11.632953244803922,38.0813273102295
rice,57.19873984128232,4.1072538394885285,13.745138663487609,12.311087777640873,0.0,0.972507524795638,4.972647618237473,39.06259375633339
cheese,78.51484181424986,6.551534168824661,9.754421211747577,9.784650717525679,0.0,0.8953814584362463,12.69377834034664,39.74357064296888
rice,63.207277893562626,4.582705586284852,11.539910832885228,10.0556937914237,10.970084077965087,0.9028522613093459,8.600057483099029,30.59988255834152
cheese,60.6133181607527,3.6607327229277153,11.9870860760927,4.784113257929555,4.832119866402587,0.9284489649578882,9.088457741732093,34.51526633880919
cheese,74.90558731171976,5.54264971319568,11.718368419376203,5.918821424943514,8.826198266136165,0.8886832007324814,8.120322233406881,33.541396242081724
yogurt,73.4420646632233,4.828952880885595,8.718214213126755,7.478125225089669,11.007547192648214,0.9309186923940279,11.024096691984491,15.185848899395944
rice,88.70810886846444,5.186750861095519,19.233185896526404,1.7533567185422836,0.7942956936919198,0.9438836580396633,8.78898943565915,34.17748189746407
sauce,66.90431231629186,5.4039743981553325,12.461861097920085,9.882159629471596,13.110036703361402,0.9235348086479324,1.967812951288991,31.978245687037994
cheese,81.47630659677998,4.621696442691538,6.647543906326146,0.2,6.73341120148856,0.8503506142486283,6.8316662490866165,31.17150475081892
cheese,84.42079316934519,4.017868437573638,10.549513593383278,7.451930677455839,20.594523419030708,0.8376714437105915,8.614327147108337,14.319466152297338
yogurt,67.21420025301968,4.348064293996484,18.539618596493213,7.536006548688278,4.918035492257326,0.9254897111861731,10.671023219237943,20.02326759037315
cheese,56.46503503191257,4.626289646999096,14.937767516802943,11.6232884407042,8.921873568182114,0.9589484738887339,3.07237649743919,42.79270617209905
juice,77.53010759630708,3.493524510407241,15.14339403405259,1.1409995895634637,11.723656807859177,0.8961529848620733,6.603543861878777,2.0
sauce,73.09613228973542,5.184696171288463,9.913635791905547,0.2,0.0,0.9390036637103928,7.434214380000621,35.01609775597639
cheese,60.86410670801026,4.42268094425498,14.341066102692858,0.5636424391707375,6.068879878068945,0.9405216567121598,4.00674664230812,39.667839348797706
rice,84.50534739524886,3.992657132607717,12.309170949565427,5.820206654462019,0.9442598160028599,0.9040710681231056,3.4123521080070693,27.378703052028676
sauce,41.46854119096886,4.705659220186889,10.905204145790798,2.6279555651435325,6.717342517736674,0.99,3.7826392063065186,37.07133008751334
sauce,57.73321652357495,5.582216228638901,7.867235811419079,2.126650655773477,7.597018050948425,0.8190928863076669,6.630856997799605,34.85096362368639
cheese,74.2402429622383,4.391411159486442,12.824114657282596,7.997338963493307,8.33456639028177,0.9112274115500395,3.8387878125392176,33.64537753495592
juice,46.71172451590652,4.537897260357088,21.47149768179451,0.2,1.3910488619865915,0.8620791720942341,5.164751009343959,34.9389171982074
yogurt,51.97759297826584,5.936695113358988,10.881826510457488,0.2,12.944536687074768,0.9716211814332262,8.419792655917671,27.250786674814456
cheese,78.12619894730823,5.179294764865972,16.32837779496185,5.445394352558965,18.499150562836448,0.8684999639665913,9.883715250033145,26.174647374796972
juice,62.279500513961494,4.215033791280064,6.360336177813912,15.701967737113979,3.61117724064765,0.9426822093605083,4.719394302678156,25.168567078525278
rice,59.50998507174408,4.8251830512347995,6.119187073035418,4.863308328368599,10.567223952009645,0.9237624846619736,7.828832715743835,30.71969560746894
cheese,73.18922320278872,5.26380555331611,13.88181318683441,7.296534405037928,6.768394311897212,0.8100139758961302,4.890357217676209,38.714440831281145
juice,72.1586101710807,3.7299431982573,6.938736512537904,7.505111383209301,0.21749689256747906,0.9604290263232682,11.5914748751131,9.08864116859913
rice,71.25527049943236,4.85491551174934,6.795242852382364,0.8681920012351776,10.006375715278663,0.99,6.281392945716356,27.080609455450084
rice,84.37120923881147,4.586271535416285,18.605571063271885,14.036488926263813,14.111542890401875,0.8121344197266879,6.831177529878287,24.230427897044148
sauce,74.76144378274648,3.9219320933890116,12.594933781723528,0.2,10.580760097649206,0.9773058887871221,11.663519327243119,11.910079534383124
juice,51.49879265379903,4.927946014805245,14.238693807778095,2.7975100419213423,9.07044121979223,0.9176245406112669,13.093534205565135,21.451881211643048
yogurt,82.64470716360265,4.877715445723165,13.187182299892937,7.003447599647023,7.140476672253793,0.99,2.9613721196269154,22.509036162231038
yogurt,72.61025853204772,3.7574235124575894,13.610434998686614,5.151605293968805,5.793817969847945,0.99,7.813389141222572,11.768196171443396
juice,58.73797053423654,5.18760132280124,10.003949874741432,0.2,0.0,0.8178026223627823,8.142455143910825,29.494286096509043
yogurt,82.10311340628581,3.6194026188757507,9.650827117869564,8.305362511689331,6.733715349825654,0.9013140572117821,2.9049614498600262,11.947596542489332
sauce,53.035123134915274,5.612053306560319,9.512024297336056,10.863206915113043,7.724486453925387,0.8520828410818636,7.204344751524921,37.26589284956953
cheese,81.83951912303542,5.162653641220173,7.716436725539831,4.533095378836208,11.90869734691827,0.944286288231358,3.921619456995928,29.019020583781924
juice,67.79478070764134,4.254436221762395,25.0,0.2,11.779418770452954,0.854673468020891,10.95019040867423,11.540152103494714
yogurt,93.1610084427279,5.198970265131858,14.58541917587892,4.897480671537489,7.264094132069387,0.8742795693487344,5.3312031717123585,19.434676735355588
juice,79.88910774972524,5.2915384796439895,13.690204091798792,3.378461721423153,6.900433380601046,0.9602607278517129,6.1427708387338,17.828015436318527
juice,65.24112691323705,3.0,10.10326725820555,8.29816442170962,11.062440709769405,0.8978915263539826,7.391564562845779,2.0
cheese,88.33398696775286,4.550753367766653,18.88399250422036,5.712640240241553,2.0767910189238785,0.9476417975984439,0.5,37.073781904898695
juice,71.25914286500854,6.3396725249614585,16.339344336385743,3.007022545313322,7.313286318626859,0.8668866831103662,8.64093498223122,23.606311305267656
rice,61.72892136068785,4.23758734140637,1.0,5.981495095871729,5.610916698265601,0.9056288337622544,5.954250733718907,35.68008544547126
juice,68.86215280521334,4.731674795912424,11.729396113206509,6.196043846022363,13.367509239968411,0.9212843344361789,5.988906574335324,13.950561771280928
yogurt,95.0,3.9043707348250676,7.1679064946192765,0.2,6.926725825483131,0.9346735739092542,3.688988034710126,4.611911188082833
cheese,71.46499753644764,4.903952131728595,6.524004368222054,7.73161590388967,9.841704118938079,0.99,5.630092309474203,31.58997622971769
rice,49.223370588486,5.903792286999638,15.066088517393554,6.631915232777074,14.303838724371795,0.8666373385073625,5.718581726113601,37.97472071377075
yogurt,77.62483719203979,6.461749654402352,4.734275700524211,3.4048673310438513,0.0,0.9030543316139988,5.367576226650696,26.296112903129597
sauce,72.21538097772081,4.05266208209426,5.8508444950233605,11.142191660948898,4.877479830673376,0.8630538116372832,9.604642131415943,20.68096275273051
cheese,73.108757101659,4.057715130296884,11.497210080199133,8.57774547836998,17.982909311037492,0.8512768852196032,5.6879542871291155,21.446017503073097
yogurt,93.78204934639908,5.438804222600766,7.029458926451181,2.0697315619729637,0.0,0.99,5.007045653756525,15.368841774599591
cheese,45.31665981730212,6.295339953526624,10.527030270683154,11.91582788202076,18.123224272293587,0.8905471824577424,5.861323372474038,42.43964721239137
cheese,76.1378890561459,3.6196922256838344,13.737306053434004,6.076744691425323,4.375136965214113,0.7990004233078807,5.772030054023679,29.00834276413345
yogurt,85.4840802265332,5.582354307551741,13.345649287264523,2.2206684416002886,10.173636117102655,0.9047495604387233,8.993420920508354,13.920378628392086
rice,73.61938331993836,3.9800247901597943,11.832519325246137,4.928649882711349,7.9163204943397965,0.8787178755093815,7.324880111717986,19.947733461432158
sauce,72.47045140429829,4.374506452699391,15.98366668309162,8.28164568441297,20.88274661172858,0.8895993580625166,2.952925587859358,13.410248497438786
juice,66.14794916764663,5.152527992743367,8.745581376634416,0.2,7.7198904884552055,0.8672141559753149,10.649165879342126,17.74978318794958
sauce,75.69331391845074,5.505522320788651,8.470576272528865,13.528827473597458,12.76433663703618,0.8574615482639177,6.06560280783657,30.57296747741705
yogurt,73.5279501092056,4.572924301572389,7.939867173741875,8.26660948465733,13.204359202828165,0.9627312645430743,11.977817153926765,8.043769146174363
yogurt,57.241725433738885,4.654921523829163,15.073274252597663,1.1657675391670237,2.5126539224561473,0.99,1.4743767767825025,29.878686017660073
rice,62.28930430947539,4.774705424799647,12.071597373872114,14.707476855406858,3.3033392235717187,0.9341810603118097,7.428097478668306,38.10948772759425
rice,78.37191170858466,5.658984303813256,9.731779196293004,4.913905061609852,15.181338889942998,0.8906039212122282,3.0812494003027124,28.887297051476757
yogurt,65.00169697518469,4.711211453496347,14.724278287927692,13.051148509437319,4.637515432349231,0.9534988206015317,4.640388687786197,27.729014695292893
juice,61.510764626790554,5.824817280381507,9.303314849057644,6.602428846340658,9.137041064119625,0.9364694209003315,2.88372221125912,23.12998596183998
yogurt,73.82898698872025,4.69621665601417,8.554935451238599,4.8962711763583595,0.09699678985470084,0.8644074643288654,7.5505358837594585,25.610191396776255
yogurt,84.87301169957084,3.93956876766957,9.850905023453942,5.233965439866501,0.0,0.9822140770211646,9.908970614258287,8.164774983581744
juice,71.49702565199473,5.075962142534535,16.299932258040354,0.623202643154295,5.5301952505246526,0.99,3.224995271488905,19.166792601869844
juice,29.24878957028558,5.694979929206436,10.232825669644077,0.2,4.11385061327161,0.8443222706637225,1.9541846187578706,42.73137316470613
sauce,81.69702637241355,4.437726809315455,16.801445578427064,0.2,9.96134874723087,0.8298531432040331,9.256956955313273,17.977590570676902
juice,65.42933497420266,4.054400173603564,15.43869100272473,2.505068093620135,3.5768482215759807,0.8837428643366751,0.5,22.456014732770004
cheese,82.92779453442961,6.858952889636564,4.807603116850515,4.515334074593299,11.436525534147982,0.894637820837218,4.006671106920103,30.84910252116638
cheese,88.46157071267618,4.84897649456411,4.430288848269992,0.2,1.5649305383521095,0.9082467012827435,5.640406792977994,33.60637621276473
cheese,86.77861282748196,6.130908954586522,12.27063387261505,5.949053660791556,14.89767388796432,0.99,3.273344955753746,30.26119274944096
rice,77.73954954028652,4.563801982210399,8.49216501784966,5.605876283726213,13.268336419582303,0.99,8.782012528115262,17.984454995480572
juice,61.22373452322141,5.019908367783495,20.066645822813108,4.941971190105315,6.275683053133256,0.8998276447013752,5.523692641058107,30.71787943160499
cheese,82.01038740345595,3.850407807340618,7.45087240816561,9.049476790051195,2.021248364935471,0.8945536020549665,4.818213154407965,31.653252610536423
juice,58.69634318580001,4.713782308143839,14.265805553691429,0.2,3.5728115698215683,0.877811297332543,5.545268133004862,25.0871042283187
rice,92.94418284719825,6.390893261107326,12.21742758459685,6.381493592069417,5.101204037411843,0.9867256431842116,2.2060591617011145,34.803929985660744
rice,85.0014100016728,5.839823532119781,8.849226952831332,8.66682905922616,4.318547606223516,0.9549420874511177,7.155343318644458,31.65875509468244
cheese,71.89431484278283,7.0,2.9822209854474164,5.3059431513739685,14.841760342843669,0.9433143738600808,7.556411390028379,29.260884531450458
cheese,56.41869418215513,5.30233991926682,13.33806308959555,5.321770785243086,10.47819031831503,0.8744362175185151,8.445424280934555,42.91456833250462
yogurt,48.17560856707771,3.9166829853153775,12.384963836955105,9.255236887014622,2.74421011733366,0.8413906306182458,9.175655598276323,26.969907541895573
rice,57.73837908419355,4.866138305022695,9.523710556780637,0.2,3.9423093660510813,0.8374425743274623,4.762224229780279,42.80751495206247
cheese,75.16212659090598,4.606410769691923,3.68767131384348,8.191523097892803,2.6722943249751254,0.9201687225307634,6.29181331217115,33.19646278802216
juice,74.05804384831127,5.206612276672701,13.393533352151726,3.529117276053664,0.0,0.8951924648212558,1.584780074483649,26.15674976524385
rice,73.24406025027608,4.292001182804713,13.110761343172973,0.2,6.892075182080025,0.8971595861323765,6.640148711407631,28.21579387603631
yogurt,74.6658320769834,4.221217457031538,14.08901214835324,6.323248803761027,10.716028638985572,0.83167287793573,8.975646164508714,13.0287338316753
yogurt,64.73028105655888,4.292180090952158,5.1965953604437205,15.771695510577835,5.641267614349124,0.8339864978983913,2.9149392934859444,26.39796020059626
cheese,58.625489760705335,3.748207301413825,10.056175355114144,4.3102297186151635,13.688757819666062,0.99,4.713589551498143,27.99660047699623
cheese,63.1095031286083,4.65704138891233,7.099942748741563,8.431585403160671,13.058520567021958,0.9165910030461037,0.5,36.02470133194935
yogurt,88.71822358532296,7.0,5.369706026966968,6.0146755503771265,10.500392733909054,0.9013926191838724,8.152418279607407,18.231623239166634
yogurt,71.69353213385875,5.1921295964796785,7.901242416964367,2.3267895115057167,2.5590556675959486,0.8213631624498537,7.185429200974619,23.016428230354794
yogurt,77.16016343252903,4.62195458605519,6.209850254461368,5.486834300266161,3.6447348036093774,0.8286501504440632,7.320434610665056,18.46156098733883
sauce,64.63682377684172,6.013663732236799,9.385377516857211,7.429460396671844,0.0,0.99,7.46527814429616,33.49717220481591
yogurt,41.55437186310306,4.573154046124604,17.157865580632155,9.441064489692154,10.028673811662877,0.984662192090403,10.668015682338922,24.263649738648958
yogurt,82.11423218547294,4.069209842147724,9.246404754286454,9.910208763524128,5.59591619969417,0.924391044000796,5.541605400073134,17.76520846013042
cheese,65.51870524250101,4.6542165091213725,4.029803647236634,13.912261646868076,14.392111659228641,0.8909879023043368,6.352826189401285,33.26489439718344
sauce,66.70683725625193,6.691580277407304,10.268946818938923,11.410859224630496,17.589729943779123,0.8484130557595794,9.613490001156052,26.93156047255206
rice,88.40937449393321,4.640644514552239,12.2747567841186,0.2,15.298589761711703,0.8824431592059108,3.786704326282813,21.82229632197034
sauce,77.1719419928383,4.838389125881148,1.7420842415331668,5.434948132579051,2.0129637482074503,0.8848768326063738,3.7088068479688148,31.98684324174938
yogurt,87.08752479773666,4.401221742807166,15.51288722536893,19.44803372425605,14.054381750971675,0.860123995959437,2.4819678720813383,14.563483182513584
cheese,66.70691806786574,3.9857243727774714,14.673360947452457,4.156494329422878,18.548938083239292,0.9171572521570894,8.673760626391445,23.09392799718156
cheese,58.34708219715344,4.335063817668423,12.380657868133131,12.781449110809218,7.569512510770047,0.8928056365422268,3.3582358058202564,43.90093376767879
cheese,39.85980505851952,5.420318875303889,11.2972204201881,11.760125704531493,4.569120010170265,0.8699132174961823,1.9782326509231711,57.06747501368244
sauce,67.75548566416876,5.738521687004667,15.500752795524793,0.645804295482312,11.668702523631731,0.8942049693574007,10.752412167241273,27.780984763272862
rice,73.71061741846333,4.480060359208055,13.8344152038824,4.290152851451621,6.76551210666387,0.84899476939923,10.701040105655668,25.725606565491475
juice,66.44043366278107,4.237968823463071,8.231128710242215,0.2,11.83963432703277,0.9449962984094497,7.8950388563884175,7.55273871255976
yogurt,80.38993343098484,4.984342951484046,13.974306744147706,7.759033346975147,1.9377297253684662,0.8913248766471235,2.2947116314975684,29.577257612037577
rice,73.11636500574738,4.642646701296943,14.505857453053146,0.2,3.5096369702962456,0.8486327147840158,4.694188063842787,34.37592930992245
rice,54.67091990149105,4.616769704303818,18.33388380528345,8.464961571172903,11.79682014307821,0.99,6.760455981942224,35.945021345586824
sauce,93.48664812968381,5.598188416512838,15.150218147241864,2.7332063494324643,0.14022415058773263,0.8480108651807767,7.273173719330218,28.40944929180214
rice,54.78796201023343,3.2890289590284634,8.134512136499973,6.852931918240224,0.0,0.9103424960172792,7.8323059071127155,31.034384583948114
sauce,49.65429144589909,5.613100950095198,16.66807823526755,0.47877186086492296,5.039262858186052,0.7344984790779716,5.49539456656502,44.99141467284483
sauce,85.02265901788178,3.686267070136303,9.795571204412827,5.38525289351927,3.42409799193749,0.8373483563288898,2.269132446667741,16.048138017490782
juice,88.07245927819702,4.712397102697726,15.395299788878248,5.131084656316337,7.113061643649986,0.8721777265947501,10.907310934356094,8.304306826747847
sauce,75.90216846910015,5.350244522987081,6.6507163488234,3.8724792813182063,0.0,0.9383959861010354,10.241426133030188,27.856165522942185
sauce,73.78244795168442,5.236983253559147,9.4015717139319,1.5984991025814534,11.46296453053648,0.8960217483887308,10.319683739295186,21.061847623958236
yogurt,67.07338972994255,4.863450353137534,12.754045156258712,1.4367272269985127,11.005752494737994,0.8417903509822277,3.414722956787487,21.2533880556069
juice,78.94997060237536,4.8776818327687925,6.050929488416329,2.46897298197245,11.596779214838621,0.9161294136280105,1.2922239880110884,14.902627493645154
juice,78.22564490276304,4.451612915084596,20.42300161724,7.350826058079921,4.387331694555582,0.8939573159211114,2.1897542149130693,17.71859795566095
juice,62.47077860049655,3.9485578873618525,9.524508974102172,0.2,9.104159761488704,0.6866752410353133,5.203223164794252,11.524034912552262
juice,51.46150165077241,4.009004621306504,10.47175568241551,2.162958768435878,2.284258286265602,0.99,8.500008282411336,19.11293336527873
cheese,75.71505491784416,5.048686050040449,18.902064169155683,3.4927692349748076,4.889942157764723,0.878064822916259,4.954649576094901,39.40813033193783
rice,62.29683026902393,3.516784781251584,8.563466501280013,7.875876763107008,0.0,0.8576549068989074,4.940449455500692,33.89270424508414
sauce,67.79329785116055,5.626575230779364,13.994139132963822,0.2,3.7791583488381697,0.9222687954134623,9.706201993530872,31.341341354393293
cheese,63.294137993129276,3.0,4.240506541428858,1.3313348027684626,13.256396843261504,0.9447473039817077,4.174072209726155,19.54783268722157
yogurt,85.87875191960991,4.1687839790166255,10.60546823122291,2.475845480906583,0.33059211849348924,0.8780735952208227,4.611317481351822,17.79883968492786
juice,74.0616987951146,5.107440027878695,11.590412739415946,3.814555314099264,5.584769318215729,0.8424388551055639,8.59313818640194,15.147811568938824
rice,82.09858317231047,4.156078906634159,12.175623254025185,4.6936280538184745,8.016864914360182,0.9275853019627506,4.25558532250728,20.356845043867562
rice,95.0,5.67745751769226,9.145304444401049,14.164564534766072,6.7668734490633655,0.899838104709403,5.343294185182598,31.82138062531609
juice,70.16009477798447,5.068321732282165,10.722543052151652,5.517807295439073,9.25588220915998,0.9789601332212887,13.85551787434442,14.351265693224532
sauce,89.10366989932504,5.339877281170107,12.351896230954132,1.8297073318552024,15.362719933730604,0.8040993438945222,3.0969035261076105,19.07344966419367
rice,47.2040442545581,4.556931360519541,13.006041900307805,2.879900762066906,5.770318395235158,0.8259683049927091,5.555739489904122,42.87970620720394
yogurt,55.76490677186626,5.377154942454544,16.16883551203188,6.576741425928518,3.2016037905336705,0.8137456657673714,10.428479381111462,31.20127376009464
yogurt,67.14170709013106,4.850360695408274,15.435995013621962,10.247007758816558,11.747492457058046,0.9391468754682839,7.628086190278122,18.7175375145572
sauce,76.86724828794696,4.4008731147495155,16.187954319693024,8.93060400807856,0.029752202828986607,0.9378888266161185,8.712802515117005,27.747168651235935
sauce,82.48518790848325,4.975073847983239,8.861768501786417,0.2,14.887104938295714,0.99,11.533286163299408,15.37243601114427
sauce,73.05015124961906,4.941768843002988,10.336417268473712,0.2,6.898496678016924,0.8187041649373678,4.70634629828471,31.68430809663493
cheese,72.96425251144991,5.349702418412714,8.351900975806464,4.114654343021582,5.920163697031811,0.8848619019383247,7.328207837545371,39.12059550483149
sauce,83.11265157221487,5.182971997072187,13.96618572945118,2.775717774881496,10.492522964565326,0.8897496022445294,3.954468073186008,25.946410871054738
sauce,55.17817832517999,4.338727492687091,15.563290897064658,5.774503893405958,6.534492723043966,0.9015989283472118,9.345486811701932,30.93238127195321
rice,87.15096358961776,6.076236681507384,15.449729645466824,0.2,17.039476213787893,0.8979551077738391,3.9107853363640963,22.83110611918555
juice,68.55356376424227,4.480319332312257,5.986849111018097,6.849809648075211,17.897442900311418,0.99,4.555445570131872,10.119915490617714
cheese,57.42468512236336,4.856605301527962,20.07705481381408,0.2,9.302534894267433,0.8726792186472446,1.9431364532847726,40.96638641618374
yogurt,65.03549061673793,4.56567383544072,12.168789791522524,3.1820524209962295,9.656412849423681,0.8729903532277213,4.6138875382025875,21.27676323230967
yogurt,48.168918371295845,4.7000385054568685,13.416314834713724,6.707739455409582,0.0,0.8868157631048293,4.748071228942128,37.48144948549937
yogurt,49.93111697838363,5.254639567890072,18.162100891499446,0.2,0.0,0.8245429631406292,12.12930518797282,34.22995202610229
yogurt,55.41152187586734,3.5168657023819243,14.48844974726807,7.73579615215457,0.0,0.9120994808839706,8.170497697063412,18.470711295584586
rice,50.05761323977328,5.41568510066034,15.807633995621906,0.6432067798343768,9.155729747145058,0.9363538448062347,6.816235540227588,41.31208904796973
yogurt,64.34259886806741,5.025492987129948,6.6534296600806755,9.96708024525621,2.0997027378890554,0.8774792228562392,7.403843842754588,29.012839656335544
juice,67.49340154840674,4.427388439829714,14.33371005069619,8.11512775422864,0.2601558261923773,0.9648920926195533,0.6760127916025527,25.534934418532202
yogurt,84.26618864046917,5.320335334550963,9.442801578572514,9.514565990938681,4.762669489458922,0.8467671528505152,5.291847856215219,24.202660187657983
yogurt,87.01310160463453,5.3815495127773705,11.037111435415474,3.7069795594548522,3.3768817714640065,0.9480773880434088,7.450327795785262,19.25126069625055
yogurt,52.58146394899789,3.0,12.716997543232415,8.459142411141615,12.584139827255623,0.9103429833560713,8.798328574811729,14.67376259468888
juice,66.14301873133647,4.721878969109804,9.608032232948686,2.0149142330299306,12.588819270489637,0.9328632201070565,4.554365575553366,13.302390056763393
cheese,68.35405017780748,5.297104070650541,11.680752695938697,0.959327671955992,9.99038907140586,0.7590865502058264,8.000649432981476,37.946217241131706
rice,73.47365210629452,5.7904728411286,1.0,5.511789426712383,0.0,0.9866744073463461,10.136073035847758,31.906234937324175
juice,64.01059054453474,3.0643630929012984,12.840678471028275,6.111013903112214,6.905214891889151,0.8742624420349157,9.713021609218199,9.531372966387963
sauce,81.52115258324456,6.224341933470401,16.854694285872664,2.353477544272933,6.0989970679735155,0.9609333545824179,6.683884946860936,29.109827735784194
yogurt,80.27244829197396,4.759263374717253,6.636417941791263,0.2,12.004749702989292,0.9264595428742882,6.9698409061316,10.55514016036112
yogurt,77.33555110274858,5.01856753236616,20.27658513520018,3.9598701973948596,13.541644052731021,0.9404047199057639,6.859596731076124,16.105785775982387
yogurt,67.88060847805758,4.378729011594297,2.7098265536528117,6.158734232543658,4.3757934699044645,0.99,10.504623205007018,16.486058348520373
sauce,56.86027261155425,4.778601480085133,19.121843207134162,12.917129476910716,8.278832782368058,0.8701185254120455,9.73205572031853,35.4968477394373
rice,80.82724076643015,4.84563593064022,13.32437047520965,2.356557913968058,2.882294420253269,0.9576976559558827,5.690021778584415,32.666730373150116
rice,78.95050400150889,3.6311812846929854,7.942319234345121,2.9857964521257108,2.7518656622797084,0.99,7.477645621103362,19.50198352470561
cheese,61.42230580903619,3.9386730225053372,6.672546416800807,4.4062481499958475,7.078383936596331,0.9454247128449356,6.2884325491332875,30.363676513258472
juice,95.0,3.3208609583414663,14.571664381836523,1.9727259306594838,6.49886734804702,0.8386634813498507,1.2336159991075581,2.0
cheese,61.96507436498228,4.063606255531129,19.201994667410304,1.3613150669857341,5.689715062678939,0.9083174734451102,5.7536700643640595,33.84548524758754
yogurt,83.00639897376523,4.526264405109143,6.934580009950255,12.625840984914685,4.297084567869641,0.8096802823394648,9.061932667918269,12.954685772017442
rice,52.843001074552355,4.380295514228577,18.255026380703185,5.670039861851989,13.168020455502335,0.9181160181756901,4.591612388566216,32.723059409534144
cheese,80.38176354129577,4.7959631921196415,10.434251747021362,9.251279263178919,1.959376802607354,0.9274214559501579,9.315945978343388,35.66824406011269
rice,57.71855481582156,6.015967680969829,15.558549744146806,6.705304179956157,4.288604972399447,0.976306868877551,7.044386700541807,45.105187312022814
yogurt,82.64493298599683,3.956539867425806,8.40697372517671,18.952221550938205,15.426229704967453,0.8647712797942393,5.885065093598604,8.41871350184281
cheese,91.91383794467028,4.911098814801089,7.260620401258989,3.590444704624041,0.0,0.9476609703319089,8.472939121896665,31.218801216073444
rice,46.81347047509601,5.759383278856861,1.817386247057886,3.410655905482295,0.0,0.8374733999510974,4.017803708441629,45.87766422537547
cheese,92.13981412527188,3.9243271494439105,5.469737027665051,0.2,13.808110208203724,0.9083986182496849,10.333727811241463,13.418057841965531
yogurt,93.51552435447049,4.898900021838017,13.396408549939567,10.134787786209127,6.79023649418721,0.8999804346716886,2.0317434226705773,19.513878847384273
rice,80.83596096623477,4.840832007133507,4.205313645710159,3.933735363694682,8.97561251200859,0.8687805738119248,7.722084202661944,26.520240335675695
juice,84.88811960166976,5.188190160081145,6.245155286155768,0.2,15.197467045005087,0.99,5.933718069635859,2.768608809639385
juice,92.12505290764203,3.787401579209054,13.492134826226593,6.482014173834768,15.34907165419009,0.8651623710047374,7.629596393573071,2.0
juice,38.411770142200055,5.717083930944809,5.335605388065806,10.194279151730482,0.0,0.9305854763413839,3.6233773367373026,38.57483306497459
juice,49.332809014947586,5.269031970861196,13.159220388064906,7.685475512066223,6.240579321877779,0.8669753128739892,14.229259957347306,26.403315965379516
cheese,59.29072385751072,5.851582055426239,11.078721980703685,0.2,2.1659285209396004,0.8918227769259159,4.67590351892238,46.60345387995757
sauce,71.95691899480312,4.528432997073283,5.804758783417031,4.676998382234992,2.631593108513275,0.99,4.673546624767504,25.897678760417847
cheese,49.786230367512566,3.7646102308389495,6.600353367232229,3.831556346627391,0.0,0.99,8.934620246838625,34.97599782744016
sauce,70.60534066083302,5.538390179160394,8.196871163908733,6.121292348668824,14.319077530842119,0.99,10.002616688785432,23.232304809382644
cheese,82.39313296321994,4.806931210494569,5.637403273762423,8.910084665462923,5.8490857076230816,0.9035159669183314,8.76509566372724,30.605022470575058
sauce,70.80737917996544,4.901669133124458,7.333525236629899,0.2,8.988272154887722,0.912166804022568,9.797190532832849,21.052685801538818
sauce,56.88902094635348,6.408759167341819,8.178168878199171,0.2,10.949469169568316,0.8984095292533826,9.385427085670601,30.002192838549462
yogurt,65.09327899301059,5.626317057329905,8.821909028099373,1.749277712978877,2.4162427327371656,0.9443166587772492,2.4008514385194073,29.69890790964423
yogurt,78.75949750879607,5.154451551577644,9.8737707343467,9.96661205145929,0.0,0.8570827632687215,6.006999973264504,25.159655050446936
juice,86.39065375368719,4.840670999500451,12.844477440523358,4.580053207115832,12.454627318088269,0.814132219476768,9.705482416600216,5.525889884606538
cheese,55.37168142144758,6.048644759377276,5.623195117110484,3.1411598638089826,4.340640870155223,0.9047739312877899,2.8390414247324274,53.32564451874708
rice,58.574199551171276,6.6977056381321916,4.348919044320789,0.2,9.163724158158148,0.891910934716808,2.5469183988842814,40.25468638496771
juice,88.91580421790816,4.235335515132119,9.439418913204598,0.2,5.9109844194587895,0.9033995525023457,3.0539363602677323,7.975665926481402
rice,86.53951950239367,5.805959821293439,12.018816244155447,1.3040100670604833,1.9756838161617194,0.9151983264884842,7.739955197773076,34.20224179725561
yogurt,61.40065087401422,3.492850868177079,14.335103776295643,4.738863728152654,11.81525803611911,0.7748210147210026,0.5933746207722752,15.141704846898989
yogurt,83.314257839444,5.332570645965737,16.611394924331194,6.5309125663542,12.991078745161595,0.99,9.750828791511221,10.077224186142026
rice,60.7151459655675,4.214141769961149,4.148495411662267,16.737903708203994,0.0,0.9263427844278403,7.660408613911692,33.87902996905082
cheese,68.9183502599959,4.423596253117062,10.970914522215736,12.660438346485595,3.4851304020809426,0.99,6.53835759913384,38.26568277088327
juice,81.75796484646665,4.78236844751049,3.28346328315832,1.6928837509807302,17.948951154480437,0.9808918741282356,7.448038715902867,2.949440798469366
juice,62.49243521335888,5.458597201470098,14.056384794148025,0.2,2.1125114275138674,0.927316112010578,10.681065716530476,24.84883588545117
rice,87.85802127956367,5.610783383555324,11.036883673052092,10.145600235111377,13.814018732943874,0.9811168008824286,6.182079651565299,24.20905484209253
rice,67.69077435000696,5.011172222476864,11.332009339226646,10.45371559741575,13.185677063061982,0.8829224996095386,1.8985826152113494,36.432763233507984
yogurt,84.9566000813519,6.100718779825205,13.143302437718887,0.2,3.383221585534735,0.8991353562906746,7.819328605121443,23.49197608981116
juice,73.5707430466093,4.281450412712108,13.76443008565077,13.758889969672438,0.7040254287810152,0.8457441407017913,6.546966811170243,17.911504777793155
rice,77.29394512291627,5.09570425905397,12.568839698384371,5.660923837108217,1.2648170066236644,0.8855016558158367,2.193159923220871,37.3240548921518
yogurt,54.487626389707046,5.018458828732778,5.062360173365049,5.9804049770167955,16.477428452933026,0.9219398244789722,4.909117644593919,21.685248797591765
cheese,74.65120566275702,5.41319510156897,14.7475261251103,8.522568568357856,5.598609016394698,0.782475240986512,7.697974092443614,39.090942861773215
sauce,63.603010200928665,6.189321732578693,13.626811829286666,7.066558539541513,15.826942599882853,0.9511597163102063,12.19436150234892,26.44147273626898
sauce,70.04137352254833,5.644232221923864,7.793154608765818,3.9968267478956494,16.108137074191,0.8623627199287437,6.037800153562226,23.221888542347752
yogurt,72.21334623002217,4.839768308573786,12.159704535986943,6.789811609283047,3.1752865911687267,0.9356564717773801,1.0594216335612716,27.60051923239442
cheese,59.167967456271526,4.825963787872519,12.850243700212054,18.255701413880935,5.937223779061929,0.9031691247605375,7.863250374375696,42.979797164384436
sauce,90.85654229328252,3.8340076003533405,13.276644754825377,5.375115774162727,7.42038907051566,0.96965374095843,11.621870500708399,4.650656336674534
sauce,42.21377105544537,5.05929670576733,4.834217444425314,10.227211007365836,6.856962592124974,0.9087273702036809,3.6544631887891263,44.33114905522073
rice,49.91594382218503,5.441477503490847,3.5832169764255015,0.2,12.598537697729874,0.8805660822105276,6.113875272152341,36.69076462575653
sauce,51.820409527851,5.464020332541588,10.700663673866616,13.763784792949725,10.479858619142476,0.8315415317732353,5.13717414502581,38.62451981069828
sauce,75.60045482429132,4.773589073188272,7.204946495080926,8.845490223232268,4.830755321195857,0.8983926007423053,3.214400749089041,30.9009091812577
juice,65.92886956818676,6.068913164702989,8.729577723614373,15.248649384525473,11.362198724576713,0.9670708261958368,0.7959341549826944,24.597671338417612
juice,79.14383700719947,4.251935713868266,12.433139142271694,6.052543403267558,9.121775491642302,0.9213450353610823,10.237759444929816,4.929878447505625
rice,74.84446139504074,4.392168473856286,16.24120609608468,0.2,14.374892350628665,0.8287811128912101,0.5,25.104042972142835
sauce,65.05551418439599,4.527228793010971,10.69108318310286,3.660910029466523,7.100462051592718,0.900183619829848,4.28687562433056,35.07531343872636
juice,56.05507217318587,4.661815015393987,1.0,10.137163592711218,0.0,0.9056722210054934,14.966650151379362,21.76684113001074
juice,63.6661527895484,5.209095143268287,12.11912893720618,1.9207287765033438,10.400258357029928,0.8937833965327138,11.015386081329506,16.998406811630193
sauce,92.31832226363994,6.489011824382302,11.194677830006327,1.0167531239779168,4.271363911012461,0.8979422594070223,11.777950814243914,22.65742941046488
yogurt,68.97190042047872,4.5958048026468985,13.785834982201504,18.488345545394534,3.200590278880191,0.9129470529763509,10.459852313763681,25.50103959409501
rice,48.80732825421748,5.144696150979837,3.836439301728958,8.662822559926635,11.250790451935933,0.7621558894942141,0.5,40.328843216927574
rice,84.87223181791636,4.036483729207747,6.759229942673937,1.4556732482087318,17.287469534658747,0.895288228561577,10.905114476392606,9.627786263008764
cheese,84.27628086445642,4.992347853426661,3.488478084696053,0.3025337934670005,3.2984871624801366,0.8876221198182739,6.665686158072312,31.25194740334307
sauce,73.58239059344407,4.934918638649625,3.173385849065735,8.738790446063797,0.29255142492304453,0.8838481903354252,7.709064200012782,35.44923214694893
sauce,70.53183380939748,4.707932844020235,6.4524710962184315,2.1338622428748013,13.258102428148764,0.8327965318816046,7.005309907705856,19.171586977493632
sauce,95.0,4.901540004180825,16.9399850645659,7.606066194136705,4.841686843697182,0.8512169159446921,5.64992002952459,21.94670843653926
sauce,62.63686957593809,5.371734072882842,2.9790621807588864,3.063457172344574,11.313219834228224,0.9720359512733491,6.6305281773886335,29.30324681452697
yogurt,69.2111753715281,3.8801488790829914,6.05897718756153,7.558187601065316,12.701410568528022,0.9587409033186077,7.1500223303390245,10.444220247916826
juice,63.49436758327247,5.927243166306546,11.298776621849438,10.810649959488341,3.387415618091183,0.891334015032505,6.0126908944639865,29.76435510650143
yogurt,79.29444604162795,5.506838741221904,7.4371478606383565,0.2,2.580030950778533,0.9736687445422084,2.6907814574515037,22.538004836861177
sauce,64.51170508653455,4.507428434795588,8.051416771552091,9.359147447039604,3.087706096311681,0.9718262180859151,7.0601616052195135,33.28221148911473
sauce,69.9816156585769,4.960802764724947,10.113148480265858,0.2,10.230805738713595,0.9251273142130083,6.207342458199365,23.924414565398276
juice,92.89450218417922,5.1997261200895,15.338617579787101,4.552645324430997,19.796620983316306,0.9669667950261487,7.921157538003476,3.2987739875856694
yogurt,68.86913445041279,3.916903362959727,8.831517988545066,2.6205731617836343,5.213402419331681,0.99,2.985007213555238,14.837353597337252
juice,63.09843780203564,4.788653522660367,15.130358131670185,7.184681390676559,14.228576326761349,0.8580804733017489,6.718678025357697,17.7372265858085
juice,61.02452202431009,4.63658529486039,15.179782866006024,14.220254922482136,7.284022734280874,0.8287424506783643,8.940272526500939,23.552530125804157
rice,55.153556230654225,5.264856115690605,6.73144087776365,9.147342200848538,17.37911622935673,0.8884028537322504,6.131723471131466,32.60795414535623
juice,60.7687490730275,6.714728977117103,12.764767292108314,8.419775023622565,9.811040214991221,0.9052360589508884,5.348536656018783,25.221368630586205
juice,53.49468454442362,4.967595436629561,2.4198588642510024,0.2,11.504083527474256,0.8524568403881674,9.017065951948439,16.987941546719377
juice,76.05980291562042,6.407346582085381,9.840815561647593,13.221195431554477,4.249415051383024,0.9170015732500387,8.311428563108052,21.315213112884848
yogurt,73.48796017600547,6.055251671529179,3.6263955447980916,1.76956121043048,9.419513052739552,0.99,8.997741003193656,19.77910701898783
sauce,65.66752326954226,4.92880678889631,8.696122902726712,2.8611464535397007,7.524523546904396,0.9334184030831614,4.8406847686093455,30.874110088307447
sauce,80.30124942087035,4.5204160500537,8.715518633203724,6.8418976559247175,9.318008587497907,0.8778254599030522,7.344987882031209,18.828731933240935
yogurt,55.06886710348423,5.4927140763481335,14.497402060535688,1.8119481250926248,5.367390160277582,0.9240776540935451,2.7377736310319003,31.098862203299515
sauce,72.02749396281655,5.065814760884317,13.736383343918813,13.612029681662788,6.952976688956158,0.9001398130293272,2.1763628694202946,33.43408279648961
yogurt,39.31139835417279,4.746263678112423,12.047108677154236,5.560685123435293,15.047537822789717,0.8788395204061105,6.478729520166754,25.02715564946709
juice,66.79254000553499,5.490283411130442,9.039912560647142,7.1822116237726705,0.0,0.8924729057621517,3.102026663124234,30.874555344944973
rice,70.90972084612122,4.172659218016713,5.580290711229499,0.2,5.834231585509319,0.8922633184157928,4.370874535734801,26.395240160679165
yogurt,75.22656989104405,5.641369403133545,2.183038890251499,8.065025246296758,4.7085743551209704,0.9515513143907011,5.275528063609664,23.61683241430469
cheese,65.20807751747074,6.812121137663662,17.780154705413068,6.050036448663227,14.62180168867066,0.99,9.341633108097788,39.12868665053382
rice,69.63256667157073,4.51702364199445,15.171789062190275,6.0364666116722505,1.544378482717415,0.99,11.893381619805687,28.286051079017927
juice,67.81275920385652,4.918817323248785,6.833405710190102,13.50977272161691,0.0,0.8537164785966652,5.758494110896508,27.057944399303185
sauce,78.91163880820274,5.544781568301423,8.117313621432453,3.043118129130562,5.396082916027378,0.8770208209654644,7.560114943370666,26.888869416116357
cheese,77.31840320249135,5.520505658829985,12.977338522586813,14.755348282401458,10.362039953719442,0.8712262454381391,4.976818917056075,40.95253519717189
juice,95.0,5.721577051947139,15.902180279589539,16.60919469594174,10.025377370011277,0.99,4.295287891138095,14.853117871892316
sauce,90.44274270424002,4.8289733879496,6.809808584499009,9.124065521880722,12.217264001812092,0.9069248592909751,5.308700173384571,19.150040940666717
juice,93.72026763628642,4.352680060346669,15.443166144471931,18.30487665167788,8.551974162835508,0.952833176949794,10.555928140927751,8.242505249432824
juice,76.97019939224526,4.45970031547295,11.728824709404932,7.593707337553817,8.449875768961958,0.9222838450623819,5.629837025667281,16.638945864496574
sauce,73.18805358029746,5.106387445665146,7.370744005799192,12.414790241136522,11.64674119525612,0.8563364517774595,7.358215536826667,24.551996304814963
yogurt,71.98806545480595,5.196266848278536,16.297910675876587,1.7006183630940872,14.149766363226963,0.7972731990143374,8.422964371471668,19.05913722408314
sauce,63.27744621710274,4.621686594522076,16.27060042333493,1.8874650259146737,5.489882737539618,0.828422343141151,0.5,35.064134704994046
yogurt,63.43959177334681,5.616569808437138,7.632682776346126,6.844081268165711,16.30061587249654,0.9449785307839655,5.780508589984272,23.33263334263906
rice,72.71742846835772,4.560269884057595,12.551188412017874,2.6768622969754703,9.652727609006671,0.855719687695075,6.7392486492828825,23.857138094199065
juice,61.18880757217415,5.696506969930205,5.486409226056553,8.19717901024293,2.2007017445644177,0.99,3.663267768940621,26.21931502145261
cheese,56.71882111257237,4.547854456719242,8.484484503539855,4.077210670469282,14.080709309912896,0.9632464312803224,7.6349353597499094,32.055161259440176
juice,48.852673718442475,4.09577279826911,8.563804900427757,0.2,11.687364823583831,0.9150846681044196,7.899711747682033,13.48400756155347
sauce,91.8936022938827,4.337257144204541,18.081488641029466,13.124134353802239,13.338725462497594,0.8895410744911637,4.98916979051687,14.086258979919288
cheese,63.087637213539054,4.461931659450739,9.293552084069342,0.2,8.353979486766399,0.7717474018506725,8.287723576417022,35.03082304368185
juice,62.95928965049991,3.573375706015057,10.587357125889797,0.2,10.40447221140121,0.815893872600103,11.715492211631338,8.42668505444136
juice,95.0,3.9725369577473995,14.391796473016367,11.296117376730555,16.639147969087873,0.9520136568422175,3.019336278345641,2.0
juice,74.69013456268306,5.6428081750490975,8.923640533111321,3.815425001197269,0.0,0.9343705047226113,0.5,28.730685365198987
sauce,83.00567057950417,5.328175684903543,8.976749769921316,2.709002941421031,0.0,0.8475060695481622,10.080810695573833,30.245733810894865
juice,52.52446660769812,5.7569607218913115,1.6420364801793832,13.02547111833624,5.845355308298283,0.8504623876523582,9.186226901218976,29.31208521006228
yogurt,50.348158544223935,5.108062781988478,9.491895503622239,0.7670880567150486,2.6270875171476344,0.9657309667027382,9.957022554578467,30.60328822284189
sauce,50.67736775412309,3.6039606067144208,7.6101099622785915,3.4025523557641866,8.110347927632269,0.9221578748552206,4.850579831539017,24.752190775846632
juice,65.27585941806916,5.0368444565174,3.662488493999675,5.288404321991782,11.874889516558484,0.99,4.850218544587332,15.503346335988054
rice,38.55864560634774,4.384631925456294,7.657920674553322,5.131228137174118,3.331353379023263,0.99,5.262060540732826,42.52085530567893
sauce,64.16884819681377,6.099804862508841,9.11070183126908,6.994633074618828,4.392312110021878,0.8331104751934307,2.8103191715801215,40.897022386781735
juice,78.58321470347352,4.494961819198176,12.997560379597587,6.077374667869351,2.3164024592081107,0.8923391905131811,10.814947122318111,13.967060437828703
cheese,64.33704167077745,4.763562551273256,10.019503060815715,7.825456535242205,11.79757880199487,0.9090960498889166,4.272845128230931,37.527659182061434
cheese,78.77837901672558,5.008823861754451,10.047443459047992,15.438223847668697,9.186411311337388,0.8904077937088375,0.5,41.733720670700315
sauce,55.37084846423146,3.2130478858952647,8.760107440944404,4.815828383134097,2.4790796927247967,0.99,7.640658298692389,19.533409782793115
sauce,91.47023805973667,4.100370524547346,10.65830108173869,12.011212607583039,13.38678814182462,0.8760475264471136,2.6635387781100928,15.141546458969165
yogurt,60.42663190393944,4.386924575136444,15.26997876735786,4.348645759871879,2.5573592820928823,0.8942870230346499,9.4556102322632,24.703161705277868
sauce,68.6947918625021,4.916775421536804,11.13729503703762,6.149631216057063,10.455957632280223,0.8276992141181695,10.159297323443178,24.4056645444007
rice,93.25393423787209,5.845236631910752,15.527220873190448,2.741406143165997,13.767756385033577,0.9564978607944038,0.504101432653056,25.630821809455696
sauce,74.75413873912449,5.287581171507738,14.16005797578595,2.9613172571219795,4.929385761491219,0.8290057108229164,5.755693222662513,29.838138556314252
rice,67.2346194139971,4.1262982283321605,7.447007372105004,2.6387774992494144,11.414360556092403,0.99,0.5,24.014445441139316
yogurt,71.38617572983003,4.220862554576611,7.623759478907693,6.946709202839285,8.621683902500738,0.9564879480336635,5.4329282972970185,14.591279077928876
juice,78.19249572739102,4.194593949334213,5.178842807190595,8.90512065578324,4.231549541399774,0.9763202620915636,11.535317711373052,8.147280566208186
cheese,76.11605670135668,4.347005510044798,8.279281797485504,0.2,0.0,0.9765028365392366,13.804579858783253,29.91198943058987
sauce,79.49490296247603,5.6279887341913275,8.104511133982783,9.416045242655304,9.597933399312208,0.99,9.015392683320346,26.423982551327924
cheese,77.75628828257021,5.6837545183627824,11.49572503579288,2.052591698901375,2.2525448953909653,0.9038274588734809,4.404032725242939,40.989065920865265
cheese,84.02618982532807,6.028816499993896,7.498039522636109,4.453685005257523,9.7949448972965,0.948858179602166,7.304781600143672,32.20601654081775
cheese,57.74726087560784,5.7794446983543875,11.698816216600571,6.07623787018046,12.956135487582971,0.8850603770890539,4.889172663155685,38.72403325472681
cheese,75.11544047336118,4.750105685500647,10.709672530454682,6.614417904489699,4.961213348439934,0.9727370695710883,6.555082924636343,34.296474239425535
sauce,46.471409370596,3.6700126666562705,11.327400295466353,7.252747648903739,0.0,0.8618751030659489,10.291233229079332,35.62693136434598
yogurt,67.99882164369302,4.277629528399099,14.670151788998217,6.829449591907401,12.54123029956807,0.99,9.638090160511391,15.88412814340564
cheese,46.49627683781586,4.092437254858075,7.6662967334598635,6.327456311201066,15.266173856278064,0.8792079196777406,10.161097451427043,35.560780914375286
cheese,63.42136966673151,4.583929976037233,14.483206378291596,0.2,9.379247280447943,0.9350791896470584,7.066153947302897,34.88420401373608
rice,64.9827313624621,5.240394153260324,13.791753850833544,0.2,10.366434578179854,0.9250737201227427,3.2737880188214956,34.191762832218444
rice,88.42065725196565,5.280583848084106,9.778035241892614,14.00760185008273,6.876153153270625,0.9184033891640839,8.256298223743897,31.215172349517918
rice,47.86239183590273,5.00486719935594,11.485227996200786,7.718184851405913,18.053558768414618,0.9538731761905788,5.9276386138907355,36.21001760412416
cheese,64.59545760155699,6.400685172959484,13.426782845970902,6.155416805655042,3.7637405173571694,0.99,7.586796786958893,43.36002411355017
sauce,47.63823444329866,4.460736544359649,14.356857337863836,10.811107730990205,12.949486696867648,0.99,7.275829306462536,31.337239121968686
sauce,68.29752057327626,5.082540228183236,13.278319094632261,5.384990442133251,14.153280557359693,0.9586932573364138,5.09188471018833,25.011003181741447
yogurt,61.48836795877634,5.094455497170392,5.7029378773755,6.01583027714825,8.413864280102906,0.9438499434928275,3.96463869166361,23.051167892867703
rice,70.97056375967462,3.7795734403878383,15.127523160545188,7.482609847114611,1.736795405810022,0.8859962498600367,0.5,29.73107647551968
cheese,55.06288195510696,3.8814160795930945,8.439759040040254,7.953054388431152,3.688795981667802,0.8977465632903048,3.4068746310730034,39.293154422627936
sauce,49.97857620257873,4.167228085337288,22.234302299538555,12.106635158532717,11.478634255940074,0.9740186429324384,5.464906663288687,34.43569702066608
yogurt,73.94420491183111,5.225385592001882,8.948516770134452,7.561830446622389,0.9492232471287013,0.9273450069680889,1.9664981243525372,28.895596999218345
juice,89.85364135785593,5.241447850559707,11.340549203225045,9.186395369477403,3.634315555029969,0.99,6.086943339392369,18.228748775434642
cheese,71.15798394513595,4.266806700737309,11.550853318310356,8.769356241649719,0.0,0.8590031640369236,5.136935683993619,41.158748965890055
juice,47.05909724177556,3.948269154312596,7.655265017634293,6.755701550244208,9.338277774365524,0.8544931752526504,1.3853715088987304,22.8068255417293
cheese,95.0,3.616085595170513,10.346241114930757,18.36781765484725,11.076535063945116,0.8629854293014136,1.4523009849455883,21.276278862043974
juice,55.007054422019486,4.153083748713751,11.36993640744284,4.544566822797828,4.232827364300445,0.9206977754162063,1.5816064782869859,20.012885673395463
juice,71.5787529766392,3.5184813167073656,12.369053997435355,9.4834100369022,0.9520733442806945,0.9424529314370104,3.6526291592403672,14.428949782587987
rice,80.66493887303305,4.982650487783623,12.981390631296794,3.858091083945398,7.131846587606761,0.9115774522810466,7.423244060819614,29.370255872040573
cheese,47.83784154801261,5.421757745194155,7.862967035980132,3.9394689503927474,9.864011257332272,0.7094404519977926,2.9380442793825647,43.459784301051954
rice,61.603785219531396,4.408821596447204,8.733231265972304,6.642118218526878,9.61614068454328,0.8527519438631265,2.48937646910355,36.782454297013956
rice,49.79370783835334,5.081314215248303,15.117617751976637,4.709766242660831,2.7671162898933237,0.8753828340767945,7.113669617073043,44.6751380169433
juice,64.87882929444893,5.727317152414677,3.9628416208373483,5.498161222556258,15.272746212215583,0.8661723909657039,7.375665587621961,19.73518955566337
juice,54.737173221161285,5.248887714897686,8.044430254541941,10.75693362839326,0.0,0.8971613853149542,7.913820275891248,31.555533659043377
sauce,78.04155262944853,4.461378993389089,10.522543928899466,0.2,7.720894827818412,0.9697434819592691,2.219822671808677,19.90424583082385
sauce,80.34037443495548,4.6340461591164095,9.777688989578241,2.2524358897236954,0.0,0.8947850642864554,7.095967874430478,27.24980741295774
sauce,66.86953291244404,4.9965850586960565,15.378857027714071,6.364814300180346,4.72196346106463,0.9712366346233308,6.041828348954167,34.275312175419856
rice,66.99243922720491,4.8072026120372,7.304937933794707,11.562367332378772,3.4646931716120175,0.963908535894416,11.12902123817579,32.7151864267836
sauce,82.61397639731328,4.932607240041683,10.643907818638873,10.970330407457542,13.917563720629335,0.8694813183819279,4.168722771935519,26.172407380939568
yogurt,70.23771302850406,3.971174754854972,11.428020761800115,0.2,2.795218523827913,0.8937859208405114,6.0048874709349205,19.928965078825836
yogurt,70.13899891513802,6.135234977091297,5.058365045872569,8.839450736631012,15.516357737768107,0.8872493427442213,5.933041738046606,23.785372113093754
rice,56.91563400187445,4.327260212812214,13.691302778186605,7.2583721214825125,9.664533897209228,0.831487434152498,5.837565942833885,33.39812936786737
sauce,64.23373021281873,4.341157068669567,5.607480925757584,6.152297511220623,14.212741934746866,0.9050061718673996,8.487245453480321,19.296928715932285
cheese,60.23285509307065,4.656572945128037,12.268608547141698,0.2,16.22185117735288,0.8562487192087285,3.987397005338946,32.97793244778989
juice,81.36988682090666,5.105782539737306,15.11032405288666,0.2,15.064855227922378,0.8975358762959513,3.0482615425254327,13.430316900005181
yogurt,63.514565685878985,4.743203629505824,6.733216469169707,0.2,3.8015254707563013,0.8741258739152356,7.546600289166409,24.70126429988831
yogurt,67.01660437485047,5.00387723146108,13.922286965442527,1.5162321038922524,10.061779791894178,0.8509847048891211,2.6678232832702804,23.04749397444387
rice,65.22727635507401,4.404844017065157,16.13753286623211,5.7324848704672595,9.35990089801901,0.8675501016612654,4.500440962550988,29.344382014593382
rice,50.10985187298556,3.7819664558514083,7.892845383570028,15.62925618584786,3.1784435260000032,0.9356168723891667,8.235331692136153,33.38851695094164
juice,84.4884153990749,4.5305316974352685,16.691407937095924,9.34697290884952,13.417000314888169,0.99,4.4409669012683715,10.962844595882444
juice,64.49700216795891,4.477181927882277,10.369065560377484,1.1277075244209258,15.856765193373372,0.9587063620522014,10.38488111963549,3.396034706539421
cheese,55.854320805073144,4.963344160846771,3.565774544861968,0.2,14.708751159729054,0.973075310524903,10.448343962841793,31.394109076800348
sauce,58.01291936338385,4.986181323061946,7.127084001247554,5.356971917320082,0.0,0.99,6.626852011367221,39.605135342399876
